,mes,escopo_autuacao,uf,descricao_infracao,amparo_legal,quantidade_autos
0,ABRIL,Cmt - Capacidade Máxima de Tração,RJ,Transitar com o veículo excedendo a CMT em até 600 kg,"Lei 9503/97 Lei 10561/02 Res. CONTRAN nº 210/06, 211/06 e 258/07 e alterações Portaria DENATRAN 63/09 e 59/07 e alterações ",1
1,ABRIL,Evasão de Balança,ES,Art. 209 Deixar de adentrar as áreas destinadas à pesagem de veículos,"Lei 9503 DE 23/09/1997 Transpor, sem autorização, bloqueio viário com ou sem sinalização ou dispositivos auxiliares, deixar de adentrar às áreas destinadas à pesagem de veículos ou evadir-se para não efetuar o pagamento do pedágio.",105
2,ABRIL,Evasão de Balança,RJ,Art. 209 Deixar de adentrar as áreas destinadas à pesagem de veículos,"Lei 9503 DE 23/09/1997 Transpor, sem autorização, bloqueio viário com ou sem sinalização ou dispositivos auxiliares, deixar de adentrar às áreas destinadas à pesagem de veículos ou evadir-se para não efetuar o pagamento do pedágio.",868
3,ABRIL,Excesso de Peso,ES,Transitar com o veículo com excesso de peso - PBT/PBTC,"Lei 9503/97 Lei 10561/02 Res. CONTRAN nº 210/06, 211/06 e 258/07 e alterações Portaria DENATRAN 63/09 e 59/07 e alterações ",2
4,ABRIL,Excesso de Peso,ES,Transitar com o veículo com excesso de peso - PBT/PBTC e Por Eixo,"Lei 9503/97 Lei 10561/02 Res. CONTRAN nº 210/06, 211/06 e 258/07 e alterações Portaria DENATRAN 63/09 e 59/07 e alterações ",5
5,ABRIL,Excesso de Peso,ES,Transitar com o veículo com excesso de peso - Por Eixo,"Lei 9503/97 Lei 10561/02 Res. CONTRAN nº 210/06, 211/06 e 258/07 e alterações Portaria DENATRAN 63/09 e 59/07 e alterações ",10
6,ABRIL,Excesso de Peso,MG,Transitar com o veículo com excesso de peso - Por Eixo,"Lei 9503/97 Lei 10561/02 Res. CONTRAN nº 210/06, 211/06 e 258/07 e alterações Portaria DENATRAN 63/09 e 59/07 e alterações ",2
7,ABRIL,Excesso de Peso,RJ,Transitar com o veículo com excesso de peso - PBT/PBTC,"Lei 9503/97 Lei 10561/02 Res. CONTRAN nº 210/06, 211/06 e 258/07 e alterações Portaria DENATRAN 63/09 e 59/07 e alterações ",3
8,ABRIL,Excesso de Peso,RJ,Transitar com o veículo com excesso de peso - Por Eixo,"Lei 9503/97 Lei 10561/02 Res. CONTRAN nº 210/06, 211/06 e 258/07 e alterações Portaria DENATRAN 63/09 e 59/07 e alterações ",12
9,ABRIL,Excesso de Peso,SC,Transitar com o veículo com excesso de peso - Por Eixo,"Lei 9503/97 Lei 10561/02 Res. CONTRAN nº 210/06, 211/06 e 258/07 e alterações Portaria DENATRAN 63/09 e 59/07 e alterações ",1
10,AGOSTO,Cmt - Capacidade Máxima de Tração,ES,Transitar com o veículo excedendo a CMT acima de 1000 kg,"Lei 9503/97 Lei 10561/02 Res. CONTRAN nº 210/06, 211/06 e 258/07 e alterações Portaria DENATRAN 63/09 e 59/07 e alterações ",1
11,AGOSTO,Cmt - Capacidade Máxima de Tração,MG,Transitar com o veículo excedendo a CMT acima de 1000 kg,"Lei 9503/97 Lei 10561/02 Res. CONTRAN nº 210/06, 211/06 e 258/07 e alterações Portaria DENATRAN 63/09 e 59/07 e alterações ",5
12,AGOSTO,Cmt - Capacidade Máxima de Tração,MS,Transitar com o veículo excedendo a CMT acima de 1000 kg,"Lei 9503/97 Lei 10561/02 Res. CONTRAN nº 210/06, 211/06 e 258/07 e alterações Portaria DENATRAN 63/09 e 59/07 e alterações ",2
13,AGOSTO,Cmt - Capacidade Máxima de Tração,RJ,Transitar com o veículo excedendo a CMT acima de 1000 kg,"Lei 9503/97 Lei 10561/02 Res. CONTRAN nº 210/06, 211/06 e 258/07 e alterações Portaria DENATRAN 63/09 e 59/07 e alterações ",9
14,AGOSTO,Cmt - Capacidade Máxima de Tração,RJ,Transitar com o veículo excedendo a CMT em até 600 kg,"Lei 9503/97 Lei 10561/02 Res. CONTRAN nº 210/06, 211/06 e 258/07 e alterações Portaria DENATRAN 63/09 e 59/07 e alterações ",3
15,AGOSTO,Cmt - Capacidade Máxima de Tração,RJ,Transitar com o veículo excedendo a CMT entre 601 e 1000 kg,"Lei 9503/97 Lei 10561/02 Res. CONTRAN nº 210/06, 211/06 e 258/07 e alterações Portaria DENATRAN 63/09 e 59/07 e alterações ",2
16,AGOSTO,Cmt - Capacidade Máxima de Tração,RS,Transitar com o veículo excedendo a CMT acima de 1000 kg,"Lei 9503/97 Lei 10561/02 Res. CONTRAN nº 210/06, 211/06 e 258/07 e alterações Portaria DENATRAN 63/09 e 59/07 e alterações ",1
17,AGOSTO,Cmt - Capacidade Máxima de Tração,SC,Transitar com o veículo excedendo a CMT acima de 1000 kg,"Lei 9503/97 Lei 10561/02 Res. CONTRAN nº 210/06, 211/06 e 258/07 e alterações Portaria DENATRAN 63/09 e 59/07 e alterações ",1
18,AGOSTO,Evasão de Balança,ES,Art. 209 Deixar de adentrar as áreas destinadas à pesagem de veículos,"Lei 9503 DE 23/09/1997 Transpor, sem autorização, bloqueio viário com ou sem sinalização ou dispositivos auxiliares, deixar de adentrar às áreas destinadas à pesagem de veículos ou evadir-se para não efetuar o pagamento do pedágio.",351
19,AGOSTO,Evasão de Balança,RJ,Art. 209 Deixar de adentrar as áreas destinadas à pesagem de veículos,"Lei 9503 DE 23/09/1997 Transpor, sem autorização, bloqueio viário com ou sem sinalização ou dispositivos auxiliares, deixar de adentrar às áreas destinadas à pesagem de veículos ou evadir-se para não efetuar o pagamento do pedágio.",3028
20,AGOSTO,Excesso de Peso,ES,Transitar com o veículo com excesso de peso - PBT/PBTC,"Lei 9503/97 Lei 10561/02 Res. CONTRAN nº 210/06, 211/06 e 258/07 e alterações Portaria DENATRAN 63/09 e 59/07 e alterações ",210
21,AGOSTO,Excesso de Peso,ES,Transitar com o veículo com excesso de peso - PBT/PBTC e Por Eixo,"Lei 9503/97 Lei 10561/02 Res. CONTRAN nº 210/06, 211/06 e 258/07 e alterações Portaria DENATRAN 63/09 e 59/07 e alterações ",262
22,AGOSTO,Excesso de Peso,ES,Transitar com o veículo com excesso de peso - Por Eixo,"Lei 9503/97 Lei 10561/02 Res. CONTRAN nº 210/06, 211/06 e 258/07 e alterações Portaria DENATRAN 63/09 e 59/07 e alterações ",2194
23,AGOSTO,Excesso de Peso,GO,Transitar com o veículo com excesso de peso - Por Eixo,"Lei 9503/97 Lei 10561/02 Res. CONTRAN nº 210/06, 211/06 e 258/07 e alterações Portaria DENATRAN 63/09 e 59/07 e alterações ",1
24,AGOSTO,Excesso de Peso,MG,Transitar com o veículo com excesso de peso - PBT/PBTC,"Lei 9503/97 Lei 10561/02 Res. CONTRAN nº 210/06, 211/06 e 258/07 e alterações Portaria DENATRAN 63/09 e 59/07 e alterações ",146
25,AGOSTO,Excesso de Peso,MG,Transitar com o veículo com excesso de peso - PBT/PBTC e Por Eixo,"Lei 9503/97 Lei 10561/02 Res. CONTRAN nº 210/06, 211/06 e 258/07 e alterações Portaria DENATRAN 63/09 e 59/07 e alterações ",349
26,AGOSTO,Excesso de Peso,MG,Transitar com o veículo com excesso de peso - Por Eixo,"Lei 9503/97 Lei 10561/02 Res. CONTRAN nº 210/06, 211/06 e 258/07 e alterações Portaria DENATRAN 63/09 e 59/07 e alterações ",1805
27,AGOSTO,Excesso de Peso,MS,Transitar com o veículo com excesso de peso - PBT/PBTC,"Lei 9503/97 Lei 10561/02 Res. CONTRAN nº 210/06, 211/06 e 258/07 e alterações Portaria DENATRAN 63/09 e 59/07 e alterações ",8
28,AGOSTO,Excesso de Peso,MS,Transitar com o veículo com excesso de peso - PBT/PBTC e Por Eixo,"Lei 9503/97 Lei 10561/02 Res. CONTRAN nº 210/06, 211/06 e 258/07 e alterações Portaria DENATRAN 63/09 e 59/07 e alterações ",49
29,AGOSTO,Excesso de Peso,MS,Transitar com o veículo com excesso de peso - Por Eixo,"Lei 9503/97 Lei 10561/02 Res. CONTRAN nº 210/06, 211/06 e 258/07 e alterações Portaria DENATRAN 63/09 e 59/07 e alterações ",81
30,AGOSTO,Excesso de Peso,RJ,"Realizar transporte permissionado de passageiros, sem a emissão de bilhete.",[],1
31,AGOSTO,Excesso de Peso,RJ,Transitar com o veículo com excesso de peso - PBT/PBTC,"Lei 9503/97 Lei 10561/02 Res. CONTRAN nº 210/06, 211/06 e 258/07 e alterações Portaria DENATRAN 63/09 e 59/07 e alterações ",468
32,AGOSTO,Excesso de Peso,RJ,Transitar com o veículo com excesso de peso - PBT/PBTC e Por Eixo,"Lei 9503/97 Lei 10561/02 Res. CONTRAN nº 210/06, 211/06 e 258/07 e alterações Portaria DENATRAN 63/09 e 59/07 e alterações ",563
33,AGOSTO,Excesso de Peso,RJ,Transitar com o veículo com excesso de peso - Por Eixo,"Lei 9503/97 Lei 10561/02 Res. CONTRAN nº 210/06, 211/06 e 258/07 e alterações Portaria DENATRAN 63/09 e 59/07 e alterações ",4226
34,AGOSTO,Excesso de Peso,RS,Transitar com o veículo com excesso de peso - PBT/PBTC,"Lei 9503/97 Lei 10561/02 Res. CONTRAN nº 210/06, 211/06 e 258/07 e alterações Portaria DENATRAN 63/09 e 59/07 e alterações ",99
35,AGOSTO,Excesso de Peso,RS,Transitar com o veículo com excesso de peso - PBT/PBTC e Por Eixo,"Lei 9503/97 Lei 10561/02 Res. CONTRAN nº 210/06, 211/06 e 258/07 e alterações Portaria DENATRAN 63/09 e 59/07 e alterações ",112
36,AGOSTO,Excesso de Peso,RS,Transitar com o veículo com excesso de peso - Por Eixo,"Lei 9503/97 Lei 10561/02 Res. CONTRAN nº 210/06, 211/06 e 258/07 e alterações Portaria DENATRAN 63/09 e 59/07 e alterações ",667
37,AGOSTO,Excesso de Peso,SC,Transitar com o veículo com excesso de peso - PBT/PBTC,"Lei 9503/97 Lei 10561/02 Res. CONTRAN nº 210/06, 211/06 e 258/07 e alterações Portaria DENATRAN 63/09 e 59/07 e alterações ",34
38,AGOSTO,Excesso de Peso,SC,Transitar com o veículo com excesso de peso - PBT/PBTC e Por Eixo,"Lei 9503/97 Lei 10561/02 Res. CONTRAN nº 210/06, 211/06 e 258/07 e alterações Portaria DENATRAN 63/09 e 59/07 e alterações ",76
39,AGOSTO,Excesso de Peso,SC,Transitar com o veículo com excesso de peso - Por Eixo,"Lei 9503/97 Lei 10561/02 Res. CONTRAN nº 210/06, 211/06 e 258/07 e alterações Portaria DENATRAN 63/09 e 59/07 e alterações ",407
40,AGOSTO,Excesso de Peso,SP,Transitar com o veículo com excesso de peso - PBT/PBTC,"Lei 9503/97 Lei 10561/02 Res. CONTRAN nº 210/06, 211/06 e 258/07 e alterações Portaria DENATRAN 63/09 e 59/07 e alterações ",47
41,AGOSTO,Excesso de Peso,SP,Transitar com o veículo com excesso de peso - PBT/PBTC e Por Eixo,"Lei 9503/97 Lei 10561/02 Res. CONTRAN nº 210/06, 211/06 e 258/07 e alterações Portaria DENATRAN 63/09 e 59/07 e alterações ",66
42,AGOSTO,Excesso de Peso,SP,Transitar com o veículo com excesso de peso - Por Eixo,"Lei 9503/97 Lei 10561/02 Res. CONTRAN nº 210/06, 211/06 e 258/07 e alterações Portaria DENATRAN 63/09 e 59/07 e alterações ",627
43,DEZEMBRO,Cmt - Capacidade Máxima de Tração,ES,Transitar com o veículo excedendo a CMT acima de 1000 kg,"Lei 9503/97 Lei 10561/02 Res. CONTRAN nº 210/06, 211/06 e 258/07 e alterações Portaria DENATRAN 63/09 e 59/07 e alterações ",3
44,DEZEMBRO,Cmt - Capacidade Máxima de Tração,MG,Transitar com o veículo excedendo a CMT acima de 1000 kg,"Lei 9503/97 Lei 10561/02 Res. CONTRAN nº 210/06, 211/06 e 258/07 e alterações Portaria DENATRAN 63/09 e 59/07 e alterações ",1
45,DEZEMBRO,Cmt - Capacidade Máxima de Tração,MS,Transitar com o veículo excedendo a CMT acima de 1000 kg,"Lei 9503/97 Lei 10561/02 Res. CONTRAN nº 210/06, 211/06 e 258/07 e alterações Portaria DENATRAN 63/09 e 59/07 e alterações ",4
46,DEZEMBRO,Cmt - Capacidade Máxima de Tração,RJ,Transitar com o veículo excedendo a CMT acima de 1000 kg,"Lei 9503/97 Lei 10561/02 Res. CONTRAN nº 210/06, 211/06 e 258/07 e alterações Portaria DENATRAN 63/09 e 59/07 e alterações ",3
47,DEZEMBRO,Cmt - Capacidade Máxima de Tração,RJ,Transitar com o veículo excedendo a CMT em até 600 kg,"Lei 9503/97 Lei 10561/02 Res. CONTRAN nº 210/06, 211/06 e 258/07 e alterações Portaria DENATRAN 63/09 e 59/07 e alterações ",4
48,DEZEMBRO,Cmt - Capacidade Máxima de Tração,RJ,Transitar com o veículo excedendo a CMT entre 601 e 1000 kg,"Lei 9503/97 Lei 10561/02 Res. CONTRAN nº 210/06, 211/06 e 258/07 e alterações Portaria DENATRAN 63/09 e 59/07 e alterações ",1
49,DEZEMBRO,Cmt - Capacidade Máxima de Tração,RS,Transitar com o veículo excedendo a CMT acima de 1000 kg,"Lei 9503/97 Lei 10561/02 Res. CONTRAN nº 210/06, 211/06 e 258/07 e alterações Portaria DENATRAN 63/09 e 59/07 e alterações ",2
50,DEZEMBRO,Cmt - Capacidade Máxima de Tração,SC,Transitar com o veículo excedendo a CMT acima de 1000 kg,"Lei 9503/97 Lei 10561/02 Res. CONTRAN nº 210/06, 211/06 e 258/07 e alterações Portaria DENATRAN 63/09 e 59/07 e alterações ",1
51,DEZEMBRO,Cmt - Capacidade Máxima de Tração,SP,Transitar com o veículo excedendo a CMT acima de 1000 kg,"Lei 9503/97 Lei 10561/02 Res. CONTRAN nº 210/06, 211/06 e 258/07 e alterações Portaria DENATRAN 63/09 e 59/07 e alterações ",1
52,DEZEMBRO,Evasão de Balança,ES,Art. 209 Deixar de adentrar as áreas destinadas à pesagem de veículos,"Lei 9503 DE 23/09/1997 Transpor, sem autorização, bloqueio viário com ou sem sinalização ou dispositivos auxiliares, deixar de adentrar às áreas destinadas à pesagem de veículos ou evadir-se para não efetuar o pagamento do pedágio.",727
53,DEZEMBRO,Evasão de Balança,RJ,Art. 209 Deixar de adentrar as áreas destinadas à pesagem de veículos,"Lei 9503 DE 23/09/1997 Transpor, sem autorização, bloqueio viário com ou sem sinalização ou dispositivos auxiliares, deixar de adentrar às áreas destinadas à pesagem de veículos ou evadir-se para não efetuar o pagamento do pedágio.",6186
54,DEZEMBRO,Evasão de Balança,SP,Art. 209 Deixar de adentrar as áreas destinadas à pesagem de veículos,"Lei 9503 DE 23/09/1997 Transpor, sem autorização, bloqueio viário com ou sem sinalização ou dispositivos auxiliares, deixar de adentrar às áreas destinadas à pesagem de veículos ou evadir-se para não efetuar o pagamento do pedágio.",105
55,DEZEMBRO,Excesso de Peso,ES,Transitar com o veículo com excesso de peso - PBT/PBTC,"Lei 9503/97 Lei 10561/02 Res. CONTRAN nº 210/06, 211/06 e 258/07 e alterações Portaria DENATRAN 63/09 e 59/07 e alterações ",132
56,DEZEMBRO,Excesso de Peso,ES,Transitar com o veículo com excesso de peso - PBT/PBTC e Por Eixo,"Lei 9503/97 Lei 10561/02 Res. CONTRAN nº 210/06, 211/06 e 258/07 e alterações Portaria DENATRAN 63/09 e 59/07 e alterações ",217
57,DEZEMBRO,Excesso de Peso,ES,Transitar com o veículo com excesso de peso - Por Eixo,"Lei 9503/97 Lei 10561/02 Res. CONTRAN nº 210/06, 211/06 e 258/07 e alterações Portaria DENATRAN 63/09 e 59/07 e alterações ",1766
58,DEZEMBRO,Excesso de Peso,MG,Transitar com o veículo com excesso de peso - PBT/PBTC,"Lei 9503/97 Lei 10561/02 Res. CONTRAN nº 210/06, 211/06 e 258/07 e alterações Portaria DENATRAN 63/09 e 59/07 e alterações ",86
59,DEZEMBRO,Excesso de Peso,MG,Transitar com o veículo com excesso de peso - PBT/PBTC e Por Eixo,"Lei 9503/97 Lei 10561/02 Res. CONTRAN nº 210/06, 211/06 e 258/07 e alterações Portaria DENATRAN 63/09 e 59/07 e alterações ",157
60,DEZEMBRO,Excesso de Peso,MG,Transitar com o veículo com excesso de peso - Por Eixo,"Lei 9503/97 Lei 10561/02 Res. CONTRAN nº 210/06, 211/06 e 258/07 e alterações Portaria DENATRAN 63/09 e 59/07 e alterações ",986
61,DEZEMBRO,Excesso de Peso,MS,Transitar com o veículo com excesso de peso - PBT/PBTC,"Lei 9503/97 Lei 10561/02 Res. CONTRAN nº 210/06, 211/06 e 258/07 e alterações Portaria DENATRAN 63/09 e 59/07 e alterações ",6
62,DEZEMBRO,Excesso de Peso,MS,Transitar com o veículo com excesso de peso - PBT/PBTC e Por Eixo,"Lei 9503/97 Lei 10561/02 Res. CONTRAN nº 210/06, 211/06 e 258/07 e alterações Portaria DENATRAN 63/09 e 59/07 e alterações ",51
63,DEZEMBRO,Excesso de Peso,MS,Transitar com o veículo com excesso de peso - Por Eixo,"Lei 9503/97 Lei 10561/02 Res. CONTRAN nº 210/06, 211/06 e 258/07 e alterações Portaria DENATRAN 63/09 e 59/07 e alterações ",96
64,DEZEMBRO,Excesso de Peso,PR,Transitar com o veículo com excesso de peso - PBT/PBTC,"Lei 9503/97 Lei 10561/02 Res. CONTRAN nº 210/06, 211/06 e 258/07 e alterações Portaria DENATRAN 63/09 e 59/07 e alterações ",1
65,DEZEMBRO,Excesso de Peso,RJ,Transitar com o veículo com excesso de peso - PBT/PBTC,"Lei 9503/97 Lei 10561/02 Res. CONTRAN nº 210/06, 211/06 e 258/07 e alterações Portaria DENATRAN 63/09 e 59/07 e alterações ",304
66,DEZEMBRO,Excesso de Peso,RJ,Transitar com o veículo com excesso de peso - PBT/PBTC e Por Eixo,"Lei 9503/97 Lei 10561/02 Res. CONTRAN nº 210/06, 211/06 e 258/07 e alterações Portaria DENATRAN 63/09 e 59/07 e alterações ",337
67,DEZEMBRO,Excesso de Peso,RJ,Transitar com o veículo com excesso de peso - Por Eixo,"Lei 9503/97 Lei 10561/02 Res. CONTRAN nº 210/06, 211/06 e 258/07 e alterações Portaria DENATRAN 63/09 e 59/07 e alterações ",2717
68,DEZEMBRO,Excesso de Peso,RS,Transitar com o veículo com excesso de peso - PBT/PBTC,"Lei 9503/97 Lei 10561/02 Res. CONTRAN nº 210/06, 211/06 e 258/07 e alterações Portaria DENATRAN 63/09 e 59/07 e alterações ",33
69,DEZEMBRO,Excesso de Peso,RS,Transitar com o veículo com excesso de peso - PBT/PBTC e Por Eixo,"Lei 9503/97 Lei 10561/02 Res. CONTRAN nº 210/06, 211/06 e 258/07 e alterações Portaria DENATRAN 63/09 e 59/07 e alterações ",41
70,DEZEMBRO,Excesso de Peso,RS,Transitar com o veículo com excesso de peso - Por Eixo,"Lei 9503/97 Lei 10561/02 Res. CONTRAN nº 210/06, 211/06 e 258/07 e alterações Portaria DENATRAN 63/09 e 59/07 e alterações ",328
71,DEZEMBRO,Excesso de Peso,SC,Transitar com o veículo com excesso de peso - PBT/PBTC,"Lei 9503/97 Lei 10561/02 Res. CONTRAN nº 210/06, 211/06 e 258/07 e alterações Portaria DENATRAN 63/09 e 59/07 e alterações ",56
72,DEZEMBRO,Excesso de Peso,SC,Transitar com o veículo com excesso de peso - PBT/PBTC e Por Eixo,"Lei 9503/97 Lei 10561/02 Res. CONTRAN nº 210/06, 211/06 e 258/07 e alterações Portaria DENATRAN 63/09 e 59/07 e alterações ",105
73,DEZEMBRO,Excesso de Peso,SC,Transitar com o veículo com excesso de peso - Por Eixo,"Lei 9503/97 Lei 10561/02 Res. CONTRAN nº 210/06, 211/06 e 258/07 e alterações Portaria DENATRAN 63/09 e 59/07 e alterações ",516
74,DEZEMBRO,Excesso de Peso,SP,Transitar com o veículo com excesso de peso - PBT/PBTC,"Lei 9503/97 Lei 10561/02 Res. CONTRAN nº 210/06, 211/06 e 258/07 e alterações Portaria DENATRAN 63/09 e 59/07 e alterações ",37
75,DEZEMBRO,Excesso de Peso,SP,Transitar com o veículo com excesso de peso - PBT/PBTC e Por Eixo,"Lei 9503/97 Lei 10561/02 Res. CONTRAN nº 210/06, 211/06 e 258/07 e alterações Portaria DENATRAN 63/09 e 59/07 e alterações ",42
76,DEZEMBRO,Excesso de Peso,SP,Transitar com o veículo com excesso de peso - Por Eixo,"Lei 9503/97 Lei 10561/02 Res. CONTRAN nº 210/06, 211/06 e 258/07 e alterações Portaria DENATRAN 63/09 e 59/07 e alterações ",408
77,FEVEREIRO,Cmt - Capacidade Máxima de Tração,ES,Transitar com o veículo excedendo a CMT acima de 1000 kg,"Lei 9503/97 Lei 10561/02 Res. CONTRAN nº 210/06, 211/06 e 258/07 e alterações Portaria DENATRAN 63/09 e 59/07 e alterações ",6
78,FEVEREIRO,Cmt - Capacidade Máxima de Tração,MG,Transitar com o veículo excedendo a CMT em até 600 kg,"Lei 9503/97 Lei 10561/02 Res. CONTRAN nº 210/06, 211/06 e 258/07 e alterações Portaria DENATRAN 63/09 e 59/07 e alterações ",1
79,FEVEREIRO,Cmt - Capacidade Máxima de Tração,MG,Transitar com o veículo excedendo a CMT entre 601 e 1000 kg,"Lei 9503/97 Lei 10561/02 Res. CONTRAN nº 210/06, 211/06 e 258/07 e alterações Portaria DENATRAN 63/09 e 59/07 e alterações ",1
80,FEVEREIRO,Cmt - Capacidade Máxima de Tração,MS,Transitar com o veículo excedendo a CMT acima de 1000 kg,"Lei 9503/97 Lei 10561/02 Res. CONTRAN nº 210/06, 211/06 e 258/07 e alterações Portaria DENATRAN 63/09 e 59/07 e alterações ",2
81,FEVEREIRO,Cmt - Capacidade Máxima de Tração,PR,Transitar com o veículo excedendo a CMT em até 600 kg,"Lei 9503/97 Lei 10561/02 Res. CONTRAN nº 210/06, 211/06 e 258/07 e alterações Portaria DENATRAN 63/09 e 59/07 e alterações ",1
82,FEVEREIRO,Cmt - Capacidade Máxima de Tração,RJ,Transitar com o veículo excedendo a CMT acima de 1000 kg,"Lei 9503/97 Lei 10561/02 Res. CONTRAN nº 210/06, 211/06 e 258/07 e alterações Portaria DENATRAN 63/09 e 59/07 e alterações ",11
83,FEVEREIRO,Cmt - Capacidade Máxima de Tração,RJ,Transitar com o veículo excedendo a CMT em até 600 kg,"Lei 9503/97 Lei 10561/02 Res. CONTRAN nº 210/06, 211/06 e 258/07 e alterações Portaria DENATRAN 63/09 e 59/07 e alterações ",7
84,FEVEREIRO,Cmt - Capacidade Máxima de Tração,RJ,Transitar com o veículo excedendo a CMT entre 601 e 1000 kg,"Lei 9503/97 Lei 10561/02 Res. CONTRAN nº 210/06, 211/06 e 258/07 e alterações Portaria DENATRAN 63/09 e 59/07 e alterações ",1
85,FEVEREIRO,Cmt - Capacidade Máxima de Tração,RS,Transitar com o veículo excedendo a CMT entre 601 e 1000 kg,"Lei 9503/97 Lei 10561/02 Res. CONTRAN nº 210/06, 211/06 e 258/07 e alterações Portaria DENATRAN 63/09 e 59/07 e alterações ",1
86,FEVEREIRO,Evasão de Balança,ES,Art. 209 Deixar de adentrar as áreas destinadas à pesagem de veículos,"Lei 9503 DE 23/09/1997 Transpor, sem autorização, bloqueio viário com ou sem sinalização ou dispositivos auxiliares, deixar de adentrar às áreas destinadas à pesagem de veículos ou evadir-se para não efetuar o pagamento do pedágio.",752
87,FEVEREIRO,Evasão de Balança,RJ,Art. 209 Deixar de adentrar as áreas destinadas à pesagem de veículos,"Lei 9503 DE 23/09/1997 Transpor, sem autorização, bloqueio viário com ou sem sinalização ou dispositivos auxiliares, deixar de adentrar às áreas destinadas à pesagem de veículos ou evadir-se para não efetuar o pagamento do pedágio.",1014
88,FEVEREIRO,Excesso de Peso,BA,Transitar com o veículo com excesso de peso - PBT/PBTC,"Lei 9503/97 Lei 10561/02 Res. CONTRAN nº 210/06, 211/06 e 258/07 e alterações Portaria DENATRAN 63/09 e 59/07 e alterações ",2
89,FEVEREIRO,Excesso de Peso,ES,Transitar com o veículo com excesso de peso - PBT/PBTC,"Lei 9503/97 Lei 10561/02 Res. CONTRAN nº 210/06, 211/06 e 258/07 e alterações Portaria DENATRAN 63/09 e 59/07 e alterações ",106
90,FEVEREIRO,Excesso de Peso,ES,Transitar com o veículo com excesso de peso - PBT/PBTC e Por Eixo,"Lei 9503/97 Lei 10561/02 Res. CONTRAN nº 210/06, 211/06 e 258/07 e alterações Portaria DENATRAN 63/09 e 59/07 e alterações ",156
91,FEVEREIRO,Excesso de Peso,ES,Transitar com o veículo com excesso de peso - Por Eixo,"Lei 9503/97 Lei 10561/02 Res. CONTRAN nº 210/06, 211/06 e 258/07 e alterações Portaria DENATRAN 63/09 e 59/07 e alterações ",1307
92,FEVEREIRO,Excesso de Peso,GO,Transitar com o veículo com excesso de peso - PBT/PBTC,"Lei 9503/97 Lei 10561/02 Res. CONTRAN nº 210/06, 211/06 e 258/07 e alterações Portaria DENATRAN 63/09 e 59/07 e alterações ",4
93,FEVEREIRO,Excesso de Peso,GO,Transitar com o veículo com excesso de peso - PBT/PBTC e Por Eixo,"Lei 9503/97 Lei 10561/02 Res. CONTRAN nº 210/06, 211/06 e 258/07 e alterações Portaria DENATRAN 63/09 e 59/07 e alterações ",8
94,FEVEREIRO,Excesso de Peso,GO,Transitar com o veículo com excesso de peso - Por Eixo,"Lei 9503/97 Lei 10561/02 Res. CONTRAN nº 210/06, 211/06 e 258/07 e alterações Portaria DENATRAN 63/09 e 59/07 e alterações ",54
95,FEVEREIRO,Excesso de Peso,MG,Transitar com o veículo com excesso de peso - PBT/PBTC,"Lei 9503/97 Lei 10561/02 Res. CONTRAN nº 210/06, 211/06 e 258/07 e alterações Portaria DENATRAN 63/09 e 59/07 e alterações ",121
96,FEVEREIRO,Excesso de Peso,MG,Transitar com o veículo com excesso de peso - PBT/PBTC e Por Eixo,"Lei 9503/97 Lei 10561/02 Res. CONTRAN nº 210/06, 211/06 e 258/07 e alterações Portaria DENATRAN 63/09 e 59/07 e alterações ",229
97,FEVEREIRO,Excesso de Peso,MG,Transitar com o veículo com excesso de peso - Por Eixo,"Lei 9503/97 Lei 10561/02 Res. CONTRAN nº 210/06, 211/06 e 258/07 e alterações Portaria DENATRAN 63/09 e 59/07 e alterações ",1616
98,FEVEREIRO,Excesso de Peso,MS,Transitar com o veículo com excesso de peso - PBT/PBTC,"Lei 9503/97 Lei 10561/02 Res. CONTRAN nº 210/06, 211/06 e 258/07 e alterações Portaria DENATRAN 63/09 e 59/07 e alterações ",6
99,FEVEREIRO,Excesso de Peso,MS,Transitar com o veículo com excesso de peso - PBT/PBTC e Por Eixo,"Lei 9503/97 Lei 10561/02 Res. CONTRAN nº 210/06, 211/06 e 258/07 e alterações Portaria DENATRAN 63/09 e 59/07 e alterações ",36
100,FEVEREIRO,Excesso de Peso,MS,Transitar com o veículo com excesso de peso - Por Eixo,"Lei 9503/97 Lei 10561/02 Res. CONTRAN nº 210/06, 211/06 e 258/07 e alterações Portaria DENATRAN 63/09 e 59/07 e alterações ",78
101,FEVEREIRO,Excesso de Peso,MT,Transitar com o veículo com excesso de peso - PBT/PBTC,"Lei 9503/97 Lei 10561/02 Res. CONTRAN nº 210/06, 211/06 e 258/07 e alterações Portaria DENATRAN 63/09 e 59/07 e alterações ",22
102,FEVEREIRO,Excesso de Peso,MT,Transitar com o veículo com excesso de peso - PBT/PBTC e Por Eixo,"Lei 9503/97 Lei 10561/02 Res. CONTRAN nº 210/06, 211/06 e 258/07 e alterações Portaria DENATRAN 63/09 e 59/07 e alterações ",21
103,FEVEREIRO,Excesso de Peso,MT,Transitar com o veículo com excesso de peso - Por Eixo,"Lei 9503/97 Lei 10561/02 Res. CONTRAN nº 210/06, 211/06 e 258/07 e alterações Portaria DENATRAN 63/09 e 59/07 e alterações ",342
104,FEVEREIRO,Excesso de Peso,PR,Transitar com o veículo com excesso de peso - PBT/PBTC,"Lei 9503/97 Lei 10561/02 Res. CONTRAN nº 210/06, 211/06 e 258/07 e alterações Portaria DENATRAN 63/09 e 59/07 e alterações ",97
105,FEVEREIRO,Excesso de Peso,PR,Transitar com o veículo com excesso de peso - PBT/PBTC e Por Eixo,"Lei 9503/97 Lei 10561/02 Res. CONTRAN nº 210/06, 211/06 e 258/07 e alterações Portaria DENATRAN 63/09 e 59/07 e alterações ",96
106,FEVEREIRO,Excesso de Peso,PR,Transitar com o veículo com excesso de peso - Por Eixo,"Lei 9503/97 Lei 10561/02 Res. CONTRAN nº 210/06, 211/06 e 258/07 e alterações Portaria DENATRAN 63/09 e 59/07 e alterações ",885
107,FEVEREIRO,Excesso de Peso,RJ,Transitar com o veículo com excesso de peso - PBT/PBTC,"Lei 9503/97 Lei 10561/02 Res. CONTRAN nº 210/06, 211/06 e 258/07 e alterações Portaria DENATRAN 63/09 e 59/07 e alterações ",542
108,FEVEREIRO,Excesso de Peso,RJ,Transitar com o veículo com excesso de peso - PBT/PBTC e Por Eixo,"Lei 9503/97 Lei 10561/02 Res. CONTRAN nº 210/06, 211/06 e 258/07 e alterações Portaria DENATRAN 63/09 e 59/07 e alterações ",700
109,FEVEREIRO,Excesso de Peso,RJ,Transitar com o veículo com excesso de peso - Por Eixo,"Lei 9503/97 Lei 10561/02 Res. CONTRAN nº 210/06, 211/06 e 258/07 e alterações Portaria DENATRAN 63/09 e 59/07 e alterações ",2739
110,FEVEREIRO,Excesso de Peso,RS,Transitar com o veículo com excesso de peso - PBT/PBTC,"Lei 9503/97 Lei 10561/02 Res. CONTRAN nº 210/06, 211/06 e 258/07 e alterações Portaria DENATRAN 63/09 e 59/07 e alterações ",12
111,FEVEREIRO,Excesso de Peso,RS,Transitar com o veículo com excesso de peso - PBT/PBTC e Por Eixo,"Lei 9503/97 Lei 10561/02 Res. CONTRAN nº 210/06, 211/06 e 258/07 e alterações Portaria DENATRAN 63/09 e 59/07 e alterações ",8
112,FEVEREIRO,Excesso de Peso,RS,Transitar com o veículo com excesso de peso - Por Eixo,"Lei 9503/97 Lei 10561/02 Res. CONTRAN nº 210/06, 211/06 e 258/07 e alterações Portaria DENATRAN 63/09 e 59/07 e alterações ",159
113,FEVEREIRO,Excesso de Peso,SC,Transitar com o veículo com excesso de peso - PBT/PBTC,"Lei 9503/97 Lei 10561/02 Res. CONTRAN nº 210/06, 211/06 e 258/07 e alterações Portaria DENATRAN 63/09 e 59/07 e alterações ",148
114,FEVEREIRO,Excesso de Peso,SC,Transitar com o veículo com excesso de peso - PBT/PBTC e Por Eixo,"Lei 9503/97 Lei 10561/02 Res. CONTRAN nº 210/06, 211/06 e 258/07 e alterações Portaria DENATRAN 63/09 e 59/07 e alterações ",249
115,FEVEREIRO,Excesso de Peso,SC,Transitar com o veículo com excesso de peso - Por Eixo,"Lei 9503/97 Lei 10561/02 Res. CONTRAN nº 210/06, 211/06 e 258/07 e alterações Portaria DENATRAN 63/09 e 59/07 e alterações ",1605
116,FEVEREIRO,Excesso de Peso,SP,Transitar com o veículo com excesso de peso - PBT/PBTC,"Lei 9503/97 Lei 10561/02 Res. CONTRAN nº 210/06, 211/06 e 258/07 e alterações Portaria DENATRAN 63/09 e 59/07 e alterações ",97
117,FEVEREIRO,Excesso de Peso,SP,Transitar com o veículo com excesso de peso - PBT/PBTC e Por Eixo,"Lei 9503/97 Lei 10561/02 Res. CONTRAN nº 210/06, 211/06 e 258/07 e alterações Portaria DENATRAN 63/09 e 59/07 e alterações ",95
118,FEVEREIRO,Excesso de Peso,SP,Transitar com o veículo com excesso de peso - Por Eixo,"Lei 9503/97 Lei 10561/02 Res. CONTRAN nº 210/06, 211/06 e 258/07 e alterações Portaria DENATRAN 63/09 e 59/07 e alterações ",1386
119,JANEIRO,Cmt - Capacidade Máxima de Tração,ES,Transitar com o veículo excedendo a CMT acima de 1000 kg,"Lei 9503/97 Lei 10561/02 Res. CONTRAN nº 210/06, 211/06 e 258/07 e alterações Portaria DENATRAN 63/09 e 59/07 e alterações ",1
120,JANEIRO,Cmt - Capacidade Máxima de Tração,MG,Transitar com o veículo excedendo a CMT acima de 1000 kg,"Lei 9503/97 Lei 10561/02 Res. CONTRAN nº 210/06, 211/06 e 258/07 e alterações Portaria DENATRAN 63/09 e 59/07 e alterações ",3
121,JANEIRO,Cmt - Capacidade Máxima de Tração,MG,Transitar com o veículo excedendo a CMT em até 600 kg,"Lei 9503/97 Lei 10561/02 Res. CONTRAN nº 210/06, 211/06 e 258/07 e alterações Portaria DENATRAN 63/09 e 59/07 e alterações ",2
122,JANEIRO,Cmt - Capacidade Máxima de Tração,MS,Transitar com o veículo excedendo a CMT acima de 1000 kg,"Lei 9503/97 Lei 10561/02 Res. CONTRAN nº 210/06, 211/06 e 258/07 e alterações Portaria DENATRAN 63/09 e 59/07 e alterações ",2
123,JANEIRO,Cmt - Capacidade Máxima de Tração,RJ,Transitar com o veículo excedendo a CMT acima de 1000 kg,"Lei 9503/97 Lei 10561/02 Res. CONTRAN nº 210/06, 211/06 e 258/07 e alterações Portaria DENATRAN 63/09 e 59/07 e alterações ",9
124,JANEIRO,Cmt - Capacidade Máxima de Tração,RJ,Transitar com o veículo excedendo a CMT em até 600 kg,"Lei 9503/97 Lei 10561/02 Res. CONTRAN nº 210/06, 211/06 e 258/07 e alterações Portaria DENATRAN 63/09 e 59/07 e alterações ",12
125,JANEIRO,Cmt - Capacidade Máxima de Tração,RJ,Transitar com o veículo excedendo a CMT entre 601 e 1000 kg,"Lei 9503/97 Lei 10561/02 Res. CONTRAN nº 210/06, 211/06 e 258/07 e alterações Portaria DENATRAN 63/09 e 59/07 e alterações ",8
126,JANEIRO,Cmt - Capacidade Máxima de Tração,SC,Transitar com o veículo excedendo a CMT acima de 1000 kg,"Lei 9503/97 Lei 10561/02 Res. CONTRAN nº 210/06, 211/06 e 258/07 e alterações Portaria DENATRAN 63/09 e 59/07 e alterações ",1
127,JANEIRO,Evasão de Balança,ES,Art. 209 Deixar de adentrar as áreas destinadas à pesagem de veículos,"Lei 9503 DE 23/09/1997 Transpor, sem autorização, bloqueio viário com ou sem sinalização ou dispositivos auxiliares, deixar de adentrar às áreas destinadas à pesagem de veículos ou evadir-se para não efetuar o pagamento do pedágio.",448
128,JANEIRO,Evasão de Balança,RJ,Art. 209 Deixar de adentrar as áreas destinadas à pesagem de veículos,"Lei 9503 DE 23/09/1997 Transpor, sem autorização, bloqueio viário com ou sem sinalização ou dispositivos auxiliares, deixar de adentrar às áreas destinadas à pesagem de veículos ou evadir-se para não efetuar o pagamento do pedágio.",2053
129,JANEIRO,Excesso de Peso,BA,Transitar com o veículo com excesso de peso - PBT/PBTC,"Lei 9503/97 Lei 10561/02 Res. CONTRAN nº 210/06, 211/06 e 258/07 e alterações Portaria DENATRAN 63/09 e 59/07 e alterações ",15
130,JANEIRO,Excesso de Peso,ES,Transitar com o veículo com excesso de peso - PBT/PBTC,"Lei 9503/97 Lei 10561/02 Res. CONTRAN nº 210/06, 211/06 e 258/07 e alterações Portaria DENATRAN 63/09 e 59/07 e alterações ",158
131,JANEIRO,Excesso de Peso,ES,Transitar com o veículo com excesso de peso - PBT/PBTC e Por Eixo,"Lei 9503/97 Lei 10561/02 Res. CONTRAN nº 210/06, 211/06 e 258/07 e alterações Portaria DENATRAN 63/09 e 59/07 e alterações ",184
132,JANEIRO,Excesso de Peso,ES,Transitar com o veículo com excesso de peso - Por Eixo,"Lei 9503/97 Lei 10561/02 Res. CONTRAN nº 210/06, 211/06 e 258/07 e alterações Portaria DENATRAN 63/09 e 59/07 e alterações ",1546
133,JANEIRO,Excesso de Peso,MG,Transitar com o veículo com excesso de peso - PBT/PBTC,"Lei 9503/97 Lei 10561/02 Res. CONTRAN nº 210/06, 211/06 e 258/07 e alterações Portaria DENATRAN 63/09 e 59/07 e alterações ",263
134,JANEIRO,Excesso de Peso,MG,Transitar com o veículo com excesso de peso - PBT/PBTC e Por Eixo,"Lei 9503/97 Lei 10561/02 Res. CONTRAN nº 210/06, 211/06 e 258/07 e alterações Portaria DENATRAN 63/09 e 59/07 e alterações ",341
135,JANEIRO,Excesso de Peso,MG,Transitar com o veículo com excesso de peso - Por Eixo,"Lei 9503/97 Lei 10561/02 Res. CONTRAN nº 210/06, 211/06 e 258/07 e alterações Portaria DENATRAN 63/09 e 59/07 e alterações ",2372
136,JANEIRO,Excesso de Peso,MS,Transitar com o veículo com excesso de peso - PBT/PBTC,"Lei 9503/97 Lei 10561/02 Res. CONTRAN nº 210/06, 211/06 e 258/07 e alterações Portaria DENATRAN 63/09 e 59/07 e alterações ",6
137,JANEIRO,Excesso de Peso,MS,Transitar com o veículo com excesso de peso - PBT/PBTC e Por Eixo,"Lei 9503/97 Lei 10561/02 Res. CONTRAN nº 210/06, 211/06 e 258/07 e alterações Portaria DENATRAN 63/09 e 59/07 e alterações ",28
138,JANEIRO,Excesso de Peso,MS,Transitar com o veículo com excesso de peso - Por Eixo,"Lei 9503/97 Lei 10561/02 Res. CONTRAN nº 210/06, 211/06 e 258/07 e alterações Portaria DENATRAN 63/09 e 59/07 e alterações ",89
139,JANEIRO,Excesso de Peso,MT,Transitar com o veículo com excesso de peso - PBT/PBTC,"Lei 9503/97 Lei 10561/02 Res. CONTRAN nº 210/06, 211/06 e 258/07 e alterações Portaria DENATRAN 63/09 e 59/07 e alterações ",9
140,JANEIRO,Excesso de Peso,MT,Transitar com o veículo com excesso de peso - PBT/PBTC e Por Eixo,"Lei 9503/97 Lei 10561/02 Res. CONTRAN nº 210/06, 211/06 e 258/07 e alterações Portaria DENATRAN 63/09 e 59/07 e alterações ",20
141,JANEIRO,Excesso de Peso,MT,Transitar com o veículo com excesso de peso - Por Eixo,"Lei 9503/97 Lei 10561/02 Res. CONTRAN nº 210/06, 211/06 e 258/07 e alterações Portaria DENATRAN 63/09 e 59/07 e alterações ",302
142,JANEIRO,Excesso de Peso,PR,Transitar com o veículo com excesso de peso - PBT/PBTC,"Lei 9503/97 Lei 10561/02 Res. CONTRAN nº 210/06, 211/06 e 258/07 e alterações Portaria DENATRAN 63/09 e 59/07 e alterações ",96
143,JANEIRO,Excesso de Peso,PR,Transitar com o veículo com excesso de peso - PBT/PBTC e Por Eixo,"Lei 9503/97 Lei 10561/02 Res. CONTRAN nº 210/06, 211/06 e 258/07 e alterações Portaria DENATRAN 63/09 e 59/07 e alterações ",84
144,JANEIRO,Excesso de Peso,PR,Transitar com o veículo com excesso de peso - Por Eixo,"Lei 9503/97 Lei 10561/02 Res. CONTRAN nº 210/06, 211/06 e 258/07 e alterações Portaria DENATRAN 63/09 e 59/07 e alterações ",767
145,JANEIRO,Excesso de Peso,RJ,"Realizar transporte permissionado de passageiros, sem a emissão de bilhete.",[],1
146,JANEIRO,Excesso de Peso,RJ,Transitar com o veículo com excesso de peso - PBT/PBTC,"Lei 9503/97 Lei 10561/02 Res. CONTRAN nº 210/06, 211/06 e 258/07 e alterações Portaria DENATRAN 63/09 e 59/07 e alterações ",751
147,JANEIRO,Excesso de Peso,RJ,Transitar com o veículo com excesso de peso - PBT/PBTC e Por Eixo,"Lei 9503/97 Lei 10561/02 Res. CONTRAN nº 210/06, 211/06 e 258/07 e alterações Portaria DENATRAN 63/09 e 59/07 e alterações ",893
148,JANEIRO,Excesso de Peso,RJ,Transitar com o veículo com excesso de peso - Por Eixo,"Lei 9503/97 Lei 10561/02 Res. CONTRAN nº 210/06, 211/06 e 258/07 e alterações Portaria DENATRAN 63/09 e 59/07 e alterações ",3303
149,JANEIRO,Excesso de Peso,RS,Transitar com o veículo com excesso de peso - PBT/PBTC,"Lei 9503/97 Lei 10561/02 Res. CONTRAN nº 210/06, 211/06 e 258/07 e alterações Portaria DENATRAN 63/09 e 59/07 e alterações ",15
150,JANEIRO,Excesso de Peso,RS,Transitar com o veículo com excesso de peso - PBT/PBTC e Por Eixo,"Lei 9503/97 Lei 10561/02 Res. CONTRAN nº 210/06, 211/06 e 258/07 e alterações Portaria DENATRAN 63/09 e 59/07 e alterações ",18
151,JANEIRO,Excesso de Peso,RS,Transitar com o veículo com excesso de peso - Por Eixo,"Lei 9503/97 Lei 10561/02 Res. CONTRAN nº 210/06, 211/06 e 258/07 e alterações Portaria DENATRAN 63/09 e 59/07 e alterações ",251
152,JANEIRO,Excesso de Peso,SC,Transitar com o veículo com excesso de peso - PBT/PBTC,"Lei 9503/97 Lei 10561/02 Res. CONTRAN nº 210/06, 211/06 e 258/07 e alterações Portaria DENATRAN 63/09 e 59/07 e alterações ",159
153,JANEIRO,Excesso de Peso,SC,Transitar com o veículo com excesso de peso - PBT/PBTC e Por Eixo,"Lei 9503/97 Lei 10561/02 Res. CONTRAN nº 210/06, 211/06 e 258/07 e alterações Portaria DENATRAN 63/09 e 59/07 e alterações ",258
154,JANEIRO,Excesso de Peso,SC,Transitar com o veículo com excesso de peso - Por Eixo,"Lei 9503/97 Lei 10561/02 Res. CONTRAN nº 210/06, 211/06 e 258/07 e alterações Portaria DENATRAN 63/09 e 59/07 e alterações ",1674
155,JANEIRO,Excesso de Peso,SP,Transitar com o veículo com excesso de peso - PBT/PBTC,"Lei 9503/97 Lei 10561/02 Res. CONTRAN nº 210/06, 211/06 e 258/07 e alterações Portaria DENATRAN 63/09 e 59/07 e alterações ",115
156,JANEIRO,Excesso de Peso,SP,Transitar com o veículo com excesso de peso - PBT/PBTC e Por Eixo,"Lei 9503/97 Lei 10561/02 Res. CONTRAN nº 210/06, 211/06 e 258/07 e alterações Portaria DENATRAN 63/09 e 59/07 e alterações ",134
157,JANEIRO,Excesso de Peso,SP,Transitar com o veículo com excesso de peso - Por Eixo,"Lei 9503/97 Lei 10561/02 Res. CONTRAN nº 210/06, 211/06 e 258/07 e alterações Portaria DENATRAN 63/09 e 59/07 e alterações ",1621
158,JULHO,Cmt - Capacidade Máxima de Tração,MG,Transitar com o veículo excedendo a CMT acima de 1000 kg,"Lei 9503/97 Lei 10561/02 Res. CONTRAN nº 210/06, 211/06 e 258/07 e alterações Portaria DENATRAN 63/09 e 59/07 e alterações ",4
159,JULHO,Cmt - Capacidade Máxima de Tração,RJ,Transitar com o veículo excedendo a CMT acima de 1000 kg,"Lei 9503/97 Lei 10561/02 Res. CONTRAN nº 210/06, 211/06 e 258/07 e alterações Portaria DENATRAN 63/09 e 59/07 e alterações ",4
160,JULHO,Cmt - Capacidade Máxima de Tração,RS,Transitar com o veículo excedendo a CMT acima de 1000 kg,"Lei 9503/97 Lei 10561/02 Res. CONTRAN nº 210/06, 211/06 e 258/07 e alterações Portaria DENATRAN 63/09 e 59/07 e alterações ",1
161,JULHO,Cmt - Capacidade Máxima de Tração,SC,Transitar com o veículo excedendo a CMT acima de 1000 kg,"Lei 9503/97 Lei 10561/02 Res. CONTRAN nº 210/06, 211/06 e 258/07 e alterações Portaria DENATRAN 63/09 e 59/07 e alterações ",1
162,JULHO,Cmt - Capacidade Máxima de Tração,SP,Transitar com o veículo excedendo a CMT acima de 1000 kg,"Lei 9503/97 Lei 10561/02 Res. CONTRAN nº 210/06, 211/06 e 258/07 e alterações Portaria DENATRAN 63/09 e 59/07 e alterações ",4
163,JULHO,Evasão de Balança,ES,Art. 209 Deixar de adentrar as áreas destinadas à pesagem de veículos,"Lei 9503 DE 23/09/1997 Transpor, sem autorização, bloqueio viário com ou sem sinalização ou dispositivos auxiliares, deixar de adentrar às áreas destinadas à pesagem de veículos ou evadir-se para não efetuar o pagamento do pedágio.",100
164,JULHO,Evasão de Balança,RJ,Art. 209 Deixar de adentrar as áreas destinadas à pesagem de veículos,"Lei 9503 DE 23/09/1997 Transpor, sem autorização, bloqueio viário com ou sem sinalização ou dispositivos auxiliares, deixar de adentrar às áreas destinadas à pesagem de veículos ou evadir-se para não efetuar o pagamento do pedágio.",358
165,JULHO,Excesso de Peso,ES,Transitar com o veículo com excesso de peso - PBT/PBTC,"Lei 9503/97 Lei 10561/02 Res. CONTRAN nº 210/06, 211/06 e 258/07 e alterações Portaria DENATRAN 63/09 e 59/07 e alterações ",54
166,JULHO,Excesso de Peso,ES,Transitar com o veículo com excesso de peso - PBT/PBTC e Por Eixo,"Lei 9503/97 Lei 10561/02 Res. CONTRAN nº 210/06, 211/06 e 258/07 e alterações Portaria DENATRAN 63/09 e 59/07 e alterações ",107
167,JULHO,Excesso de Peso,ES,Transitar com o veículo com excesso de peso - Por Eixo,"Lei 9503/97 Lei 10561/02 Res. CONTRAN nº 210/06, 211/06 e 258/07 e alterações Portaria DENATRAN 63/09 e 59/07 e alterações ",473
168,JULHO,Excesso de Peso,GO,Transitar com o veículo com excesso de peso - PBT/PBTC,"Lei 9503/97 Lei 10561/02 Res. CONTRAN nº 210/06, 211/06 e 258/07 e alterações Portaria DENATRAN 63/09 e 59/07 e alterações ",3
169,JULHO,Excesso de Peso,GO,Transitar com o veículo com excesso de peso - PBT/PBTC e Por Eixo,"Lei 9503/97 Lei 10561/02 Res. CONTRAN nº 210/06, 211/06 e 258/07 e alterações Portaria DENATRAN 63/09 e 59/07 e alterações ",16
170,JULHO,Excesso de Peso,GO,Transitar com o veículo com excesso de peso - Por Eixo,"Lei 9503/97 Lei 10561/02 Res. CONTRAN nº 210/06, 211/06 e 258/07 e alterações Portaria DENATRAN 63/09 e 59/07 e alterações ",61
171,JULHO,Excesso de Peso,MG,Transitar com o veículo com excesso de peso - PBT/PBTC,"Lei 9503/97 Lei 10561/02 Res. CONTRAN nº 210/06, 211/06 e 258/07 e alterações Portaria DENATRAN 63/09 e 59/07 e alterações ",56
172,JULHO,Excesso de Peso,MG,Transitar com o veículo com excesso de peso - PBT/PBTC e Por Eixo,"Lei 9503/97 Lei 10561/02 Res. CONTRAN nº 210/06, 211/06 e 258/07 e alterações Portaria DENATRAN 63/09 e 59/07 e alterações ",184
173,JULHO,Excesso de Peso,MG,Transitar com o veículo com excesso de peso - Por Eixo,"Lei 9503/97 Lei 10561/02 Res. CONTRAN nº 210/06, 211/06 e 258/07 e alterações Portaria DENATRAN 63/09 e 59/07 e alterações ",822
174,JULHO,Excesso de Peso,RJ,Transitar com o veículo com excesso de peso - PBT/PBTC,"Lei 9503/97 Lei 10561/02 Res. CONTRAN nº 210/06, 211/06 e 258/07 e alterações Portaria DENATRAN 63/09 e 59/07 e alterações ",180
175,JULHO,Excesso de Peso,RJ,Transitar com o veículo com excesso de peso - PBT/PBTC e Por Eixo,"Lei 9503/97 Lei 10561/02 Res. CONTRAN nº 210/06, 211/06 e 258/07 e alterações Portaria DENATRAN 63/09 e 59/07 e alterações ",362
176,JULHO,Excesso de Peso,RJ,Transitar com o veículo com excesso de peso - Por Eixo,"Lei 9503/97 Lei 10561/02 Res. CONTRAN nº 210/06, 211/06 e 258/07 e alterações Portaria DENATRAN 63/09 e 59/07 e alterações ",2175
177,JULHO,Excesso de Peso,RS,Transitar com o veículo com excesso de peso - PBT/PBTC,"Lei 9503/97 Lei 10561/02 Res. CONTRAN nº 210/06, 211/06 e 258/07 e alterações Portaria DENATRAN 63/09 e 59/07 e alterações ",72
178,JULHO,Excesso de Peso,RS,Transitar com o veículo com excesso de peso - PBT/PBTC e Por Eixo,"Lei 9503/97 Lei 10561/02 Res. CONTRAN nº 210/06, 211/06 e 258/07 e alterações Portaria DENATRAN 63/09 e 59/07 e alterações ",103
179,JULHO,Excesso de Peso,RS,Transitar com o veículo com excesso de peso - Por Eixo,"Lei 9503/97 Lei 10561/02 Res. CONTRAN nº 210/06, 211/06 e 258/07 e alterações Portaria DENATRAN 63/09 e 59/07 e alterações ",630
180,JULHO,Excesso de Peso,SC,Transitar com o veículo com excesso de peso - PBT/PBTC,"Lei 9503/97 Lei 10561/02 Res. CONTRAN nº 210/06, 211/06 e 258/07 e alterações Portaria DENATRAN 63/09 e 59/07 e alterações ",33
181,JULHO,Excesso de Peso,SC,Transitar com o veículo com excesso de peso - PBT/PBTC e Por Eixo,"Lei 9503/97 Lei 10561/02 Res. CONTRAN nº 210/06, 211/06 e 258/07 e alterações Portaria DENATRAN 63/09 e 59/07 e alterações ",118
182,JULHO,Excesso de Peso,SC,Transitar com o veículo com excesso de peso - Por Eixo,"Lei 9503/97 Lei 10561/02 Res. CONTRAN nº 210/06, 211/06 e 258/07 e alterações Portaria DENATRAN 63/09 e 59/07 e alterações ",387
183,JULHO,Excesso de Peso,SP,Transitar com o veículo com excesso de peso - PBT/PBTC,"Lei 9503/97 Lei 10561/02 Res. CONTRAN nº 210/06, 211/06 e 258/07 e alterações Portaria DENATRAN 63/09 e 59/07 e alterações ",136
184,JULHO,Excesso de Peso,SP,Transitar com o veículo com excesso de peso - PBT/PBTC e Por Eixo,"Lei 9503/97 Lei 10561/02 Res. CONTRAN nº 210/06, 211/06 e 258/07 e alterações Portaria DENATRAN 63/09 e 59/07 e alterações ",279
185,JULHO,Excesso de Peso,SP,Transitar com o veículo com excesso de peso - Por Eixo,"Lei 9503/97 Lei 10561/02 Res. CONTRAN nº 210/06, 211/06 e 258/07 e alterações Portaria DENATRAN 63/09 e 59/07 e alterações ",831
186,JUNHO,Evasão de Balança,ES,Art. 209 Deixar de adentrar as áreas destinadas à pesagem de veículos,"Lei 9503 DE 23/09/1997 Transpor, sem autorização, bloqueio viário com ou sem sinalização ou dispositivos auxiliares, deixar de adentrar às áreas destinadas à pesagem de veículos ou evadir-se para não efetuar o pagamento do pedágio.",387
187,JUNHO,Evasão de Balança,RJ,Art. 209 Deixar de adentrar as áreas destinadas à pesagem de veículos,"Lei 9503 DE 23/09/1997 Transpor, sem autorização, bloqueio viário com ou sem sinalização ou dispositivos auxiliares, deixar de adentrar às áreas destinadas à pesagem de veículos ou evadir-se para não efetuar o pagamento do pedágio.",172
188,MAIO,Evasão de Balança,ES,Art. 209 Deixar de adentrar as áreas destinadas à pesagem de veículos,"Lei 9503 DE 23/09/1997 Transpor, sem autorização, bloqueio viário com ou sem sinalização ou dispositivos auxiliares, deixar de adentrar às áreas destinadas à pesagem de veículos ou evadir-se para não efetuar o pagamento do pedágio.",252
189,MAIO,Evasão de Balança,RJ,Art. 209 Deixar de adentrar as áreas destinadas à pesagem de veículos,"Lei 9503 DE 23/09/1997 Transpor, sem autorização, bloqueio viário com ou sem sinalização ou dispositivos auxiliares, deixar de adentrar às áreas destinadas à pesagem de veículos ou evadir-se para não efetuar o pagamento do pedágio.",239
190,MAIO,Excesso de Peso,RJ,Transitar com o veículo com excesso de peso - PBT/PBTC e Por Eixo,"Lei 9503/97 Lei 10561/02 Res. CONTRAN nº 210/06, 211/06 e 258/07 e alterações Portaria DENATRAN 63/09 e 59/07 e alterações ",1
191,MAIO,Excesso de Peso,RJ,Transitar com o veículo com excesso de peso - Por Eixo,"Lei 9503/97 Lei 10561/02 Res. CONTRAN nº 210/06, 211/06 e 258/07 e alterações Portaria DENATRAN 63/09 e 59/07 e alterações ",1
192,MARÇO,Cmt - Capacidade Máxima de Tração,ES,Transitar com o veículo excedendo a CMT acima de 1000 kg,"Lei 9503/97 Lei 10561/02 Res. CONTRAN nº 210/06, 211/06 e 258/07 e alterações Portaria DENATRAN 63/09 e 59/07 e alterações ",5
193,MARÇO,Cmt - Capacidade Máxima de Tração,ES,Transitar com o veículo excedendo a CMT em até 600 kg,"Lei 9503/97 Lei 10561/02 Res. CONTRAN nº 210/06, 211/06 e 258/07 e alterações Portaria DENATRAN 63/09 e 59/07 e alterações ",2
194,MARÇO,Cmt - Capacidade Máxima de Tração,MG,Transitar com o veículo excedendo a CMT acima de 1000 kg,"Lei 9503/97 Lei 10561/02 Res. CONTRAN nº 210/06, 211/06 e 258/07 e alterações Portaria DENATRAN 63/09 e 59/07 e alterações ",2
195,MARÇO,Cmt - Capacidade Máxima de Tração,MG,Transitar com o veículo excedendo a CMT em até 600 kg,"Lei 9503/97 Lei 10561/02 Res. CONTRAN nº 210/06, 211/06 e 258/07 e alterações Portaria DENATRAN 63/09 e 59/07 e alterações ",2
196,MARÇO,Cmt - Capacidade Máxima de Tração,MS,Transitar com o veículo excedendo a CMT acima de 1000 kg,"Lei 9503/97 Lei 10561/02 Res. CONTRAN nº 210/06, 211/06 e 258/07 e alterações Portaria DENATRAN 63/09 e 59/07 e alterações ",2
197,MARÇO,Cmt - Capacidade Máxima de Tração,RJ,Transitar com o veículo excedendo a CMT acima de 1000 kg,"Lei 9503/97 Lei 10561/02 Res. CONTRAN nº 210/06, 211/06 e 258/07 e alterações Portaria DENATRAN 63/09 e 59/07 e alterações ",3
198,MARÇO,Cmt - Capacidade Máxima de Tração,RJ,Transitar com o veículo excedendo a CMT em até 600 kg,"Lei 9503/97 Lei 10561/02 Res. CONTRAN nº 210/06, 211/06 e 258/07 e alterações Portaria DENATRAN 63/09 e 59/07 e alterações ",5
199,MARÇO,Cmt - Capacidade Máxima de Tração,RJ,Transitar com o veículo excedendo a CMT entre 601 e 1000 kg,"Lei 9503/97 Lei 10561/02 Res. CONTRAN nº 210/06, 211/06 e 258/07 e alterações Portaria DENATRAN 63/09 e 59/07 e alterações ",1
200,MARÇO,Evasão de Balança,ES,Art. 209 Deixar de adentrar as áreas destinadas à pesagem de veículos,"Lei 9503 DE 23/09/1997 Transpor, sem autorização, bloqueio viário com ou sem sinalização ou dispositivos auxiliares, deixar de adentrar às áreas destinadas à pesagem de veículos ou evadir-se para não efetuar o pagamento do pedágio.",450
201,MARÇO,Evasão de Balança,RJ,Art. 209 Deixar de adentrar as áreas destinadas à pesagem de veículos,"Lei 9503 DE 23/09/1997 Transpor, sem autorização, bloqueio viário com ou sem sinalização ou dispositivos auxiliares, deixar de adentrar às áreas destinadas à pesagem de veículos ou evadir-se para não efetuar o pagamento do pedágio.",1587
202,MARÇO,Evasão de Balança,SC,Art. 209 Deixar de adentrar as áreas destinadas à pesagem de veículos,"Lei 9503 DE 23/09/1997 Transpor, sem autorização, bloqueio viário com ou sem sinalização ou dispositivos auxiliares, deixar de adentrar às áreas destinadas à pesagem de veículos ou evadir-se para não efetuar o pagamento do pedágio.",3
203,MARÇO,Excesso de Peso,BA,Transitar com o veículo com excesso de peso - PBT/PBTC,"Lei 9503/97 Lei 10561/02 Res. CONTRAN nº 210/06, 211/06 e 258/07 e alterações Portaria DENATRAN 63/09 e 59/07 e alterações ",3
204,MARÇO,Excesso de Peso,ES,Transitar com o veículo com excesso de peso - PBT/PBTC,"Lei 9503/97 Lei 10561/02 Res. CONTRAN nº 210/06, 211/06 e 258/07 e alterações Portaria DENATRAN 63/09 e 59/07 e alterações ",82
205,MARÇO,Excesso de Peso,ES,Transitar com o veículo com excesso de peso - PBT/PBTC e Por Eixo,"Lei 9503/97 Lei 10561/02 Res. CONTRAN nº 210/06, 211/06 e 258/07 e alterações Portaria DENATRAN 63/09 e 59/07 e alterações ",124
206,MARÇO,Excesso de Peso,ES,Transitar com o veículo com excesso de peso - Por Eixo,"Lei 9503/97 Lei 10561/02 Res. CONTRAN nº 210/06, 211/06 e 258/07 e alterações Portaria DENATRAN 63/09 e 59/07 e alterações ",1166
207,MARÇO,Excesso de Peso,GO,Transitar com o veículo com excesso de peso - PBT/PBTC,"Lei 9503/97 Lei 10561/02 Res. CONTRAN nº 210/06, 211/06 e 258/07 e alterações Portaria DENATRAN 63/09 e 59/07 e alterações ",1
208,MARÇO,Excesso de Peso,GO,Transitar com o veículo com excesso de peso - PBT/PBTC e Por Eixo,"Lei 9503/97 Lei 10561/02 Res. CONTRAN nº 210/06, 211/06 e 258/07 e alterações Portaria DENATRAN 63/09 e 59/07 e alterações ",7
209,MARÇO,Excesso de Peso,GO,Transitar com o veículo com excesso de peso - Por Eixo,"Lei 9503/97 Lei 10561/02 Res. CONTRAN nº 210/06, 211/06 e 258/07 e alterações Portaria DENATRAN 63/09 e 59/07 e alterações ",44
210,MARÇO,Excesso de Peso,MG,Transitar com o veículo com excesso de peso - PBT/PBTC,"Lei 9503/97 Lei 10561/02 Res. CONTRAN nº 210/06, 211/06 e 258/07 e alterações Portaria DENATRAN 63/09 e 59/07 e alterações ",160
211,MARÇO,Excesso de Peso,MG,Transitar com o veículo com excesso de peso - PBT/PBTC e Por Eixo,"Lei 9503/97 Lei 10561/02 Res. CONTRAN nº 210/06, 211/06 e 258/07 e alterações Portaria DENATRAN 63/09 e 59/07 e alterações ",261
212,MARÇO,Excesso de Peso,MG,Transitar com o veículo com excesso de peso - Por Eixo,"Lei 9503/97 Lei 10561/02 Res. CONTRAN nº 210/06, 211/06 e 258/07 e alterações Portaria DENATRAN 63/09 e 59/07 e alterações ",1875
213,MARÇO,Excesso de Peso,MS,Transitar com o veículo com excesso de peso - PBT/PBTC,"Lei 9503/97 Lei 10561/02 Res. CONTRAN nº 210/06, 211/06 e 258/07 e alterações Portaria DENATRAN 63/09 e 59/07 e alterações ",2
214,MARÇO,Excesso de Peso,MS,Transitar com o veículo com excesso de peso - PBT/PBTC e Por Eixo,"Lei 9503/97 Lei 10561/02 Res. CONTRAN nº 210/06, 211/06 e 258/07 e alterações Portaria DENATRAN 63/09 e 59/07 e alterações ",13
215,MARÇO,Excesso de Peso,MS,Transitar com o veículo com excesso de peso - Por Eixo,"Lei 9503/97 Lei 10561/02 Res. CONTRAN nº 210/06, 211/06 e 258/07 e alterações Portaria DENATRAN 63/09 e 59/07 e alterações ",41
216,MARÇO,Excesso de Peso,MT,Transitar com o veículo com excesso de peso - PBT/PBTC,"Lei 9503/97 Lei 10561/02 Res. CONTRAN nº 210/06, 211/06 e 258/07 e alterações Portaria DENATRAN 63/09 e 59/07 e alterações ",15
217,MARÇO,Excesso de Peso,MT,Transitar com o veículo com excesso de peso - PBT/PBTC e Por Eixo,"Lei 9503/97 Lei 10561/02 Res. CONTRAN nº 210/06, 211/06 e 258/07 e alterações Portaria DENATRAN 63/09 e 59/07 e alterações ",41
218,MARÇO,Excesso de Peso,MT,Transitar com o veículo com excesso de peso - Por Eixo,"Lei 9503/97 Lei 10561/02 Res. CONTRAN nº 210/06, 211/06 e 258/07 e alterações Portaria DENATRAN 63/09 e 59/07 e alterações ",319
219,MARÇO,Excesso de Peso,PR,Transitar com o veículo com excesso de peso - PBT/PBTC,"Lei 9503/97 Lei 10561/02 Res. CONTRAN nº 210/06, 211/06 e 258/07 e alterações Portaria DENATRAN 63/09 e 59/07 e alterações ",39
220,MARÇO,Excesso de Peso,PR,Transitar com o veículo com excesso de peso - PBT/PBTC e Por Eixo,"Lei 9503/97 Lei 10561/02 Res. CONTRAN nº 210/06, 211/06 e 258/07 e alterações Portaria DENATRAN 63/09 e 59/07 e alterações ",49
221,MARÇO,Excesso de Peso,PR,Transitar com o veículo com excesso de peso - Por Eixo,"Lei 9503/97 Lei 10561/02 Res. CONTRAN nº 210/06, 211/06 e 258/07 e alterações Portaria DENATRAN 63/09 e 59/07 e alterações ",362
222,MARÇO,Excesso de Peso,RJ,Transitar com o veículo com excesso de peso - PBT/PBTC,"Lei 9503/97 Lei 10561/02 Res. CONTRAN nº 210/06, 211/06 e 258/07 e alterações Portaria DENATRAN 63/09 e 59/07 e alterações ",499
223,MARÇO,Excesso de Peso,RJ,Transitar com o veículo com excesso de peso - PBT/PBTC e Por Eixo,"Lei 9503/97 Lei 10561/02 Res. CONTRAN nº 210/06, 211/06 e 258/07 e alterações Portaria DENATRAN 63/09 e 59/07 e alterações ",541
224,MARÇO,Excesso de Peso,RJ,Transitar com o veículo com excesso de peso - Por Eixo,"Lei 9503/97 Lei 10561/02 Res. CONTRAN nº 210/06, 211/06 e 258/07 e alterações Portaria DENATRAN 63/09 e 59/07 e alterações ",2526
225,MARÇO,Excesso de Peso,RS,Transitar com o veículo com excesso de peso - PBT/PBTC,"Lei 9503/97 Lei 10561/02 Res. CONTRAN nº 210/06, 211/06 e 258/07 e alterações Portaria DENATRAN 63/09 e 59/07 e alterações ",9
226,MARÇO,Excesso de Peso,RS,Transitar com o veículo com excesso de peso - PBT/PBTC e Por Eixo,"Lei 9503/97 Lei 10561/02 Res. CONTRAN nº 210/06, 211/06 e 258/07 e alterações Portaria DENATRAN 63/09 e 59/07 e alterações ",8
227,MARÇO,Excesso de Peso,RS,Transitar com o veículo com excesso de peso - Por Eixo,"Lei 9503/97 Lei 10561/02 Res. CONTRAN nº 210/06, 211/06 e 258/07 e alterações Portaria DENATRAN 63/09 e 59/07 e alterações ",130
228,MARÇO,Excesso de Peso,SC,Transitar com o veículo com excesso de peso - PBT/PBTC,"Lei 9503/97 Lei 10561/02 Res. CONTRAN nº 210/06, 211/06 e 258/07 e alterações Portaria DENATRAN 63/09 e 59/07 e alterações ",76
229,MARÇO,Excesso de Peso,SC,Transitar com o veículo com excesso de peso - PBT/PBTC e Por Eixo,"Lei 9503/97 Lei 10561/02 Res. CONTRAN nº 210/06, 211/06 e 258/07 e alterações Portaria DENATRAN 63/09 e 59/07 e alterações ",135
230,MARÇO,Excesso de Peso,SC,Transitar com o veículo com excesso de peso - Por Eixo,"Lei 9503/97 Lei 10561/02 Res. CONTRAN nº 210/06, 211/06 e 258/07 e alterações Portaria DENATRAN 63/09 e 59/07 e alterações ",1003
231,MARÇO,Excesso de Peso,SP,Transitar com o veículo com excesso de peso - PBT/PBTC,"Lei 9503/97 Lei 10561/02 Res. CONTRAN nº 210/06, 211/06 e 258/07 e alterações Portaria DENATRAN 63/09 e 59/07 e alterações ",64
232,MARÇO,Excesso de Peso,SP,Transitar com o veículo com excesso de peso - PBT/PBTC e Por Eixo,"Lei 9503/97 Lei 10561/02 Res. CONTRAN nº 210/06, 211/06 e 258/07 e alterações Portaria DENATRAN 63/09 e 59/07 e alterações ",65
233,MARÇO,Excesso de Peso,SP,Transitar com o veículo com excesso de peso - Por Eixo,"Lei 9503/97 Lei 10561/02 Res. CONTRAN nº 210/06, 211/06 e 258/07 e alterações Portaria DENATRAN 63/09 e 59/07 e alterações ",1071
234,NOVEMBRO,Cmt - Capacidade Máxima de Tração,ES,Transitar com o veículo excedendo a CMT acima de 1000 kg,"Lei 9503/97 Lei 10561/02 Res. CONTRAN nº 210/06, 211/06 e 258/07 e alterações Portaria DENATRAN 63/09 e 59/07 e alterações ",2
235,NOVEMBRO,Cmt - Capacidade Máxima de Tração,MS,Transitar com o veículo excedendo a CMT acima de 1000 kg,"Lei 9503/97 Lei 10561/02 Res. CONTRAN nº 210/06, 211/06 e 258/07 e alterações Portaria DENATRAN 63/09 e 59/07 e alterações ",1
236,NOVEMBRO,Cmt - Capacidade Máxima de Tração,RJ,Transitar com o veículo excedendo a CMT acima de 1000 kg,"Lei 9503/97 Lei 10561/02 Res. CONTRAN nº 210/06, 211/06 e 258/07 e alterações Portaria DENATRAN 63/09 e 59/07 e alterações ",4
237,NOVEMBRO,Cmt - Capacidade Máxima de Tração,RJ,Transitar com o veículo excedendo a CMT em até 600 kg,"Lei 9503/97 Lei 10561/02 Res. CONTRAN nº 210/06, 211/06 e 258/07 e alterações Portaria DENATRAN 63/09 e 59/07 e alterações ",18
238,NOVEMBRO,Cmt - Capacidade Máxima de Tração,RJ,Transitar com o veículo excedendo a CMT entre 601 e 1000 kg,"Lei 9503/97 Lei 10561/02 Res. CONTRAN nº 210/06, 211/06 e 258/07 e alterações Portaria DENATRAN 63/09 e 59/07 e alterações ",3
239,NOVEMBRO,Cmt - Capacidade Máxima de Tração,SP,Transitar com o veículo excedendo a CMT acima de 1000 kg,"Lei 9503/97 Lei 10561/02 Res. CONTRAN nº 210/06, 211/06 e 258/07 e alterações Portaria DENATRAN 63/09 e 59/07 e alterações ",1
240,NOVEMBRO,Evasão de Balança,ES,Art. 209 Deixar de adentrar as áreas destinadas à pesagem de veículos,"Lei 9503 DE 23/09/1997 Transpor, sem autorização, bloqueio viário com ou sem sinalização ou dispositivos auxiliares, deixar de adentrar às áreas destinadas à pesagem de veículos ou evadir-se para não efetuar o pagamento do pedágio.",1130
241,NOVEMBRO,Evasão de Balança,RJ,Art. 209 Deixar de adentrar as áreas destinadas à pesagem de veículos,"Lei 9503 DE 23/09/1997 Transpor, sem autorização, bloqueio viário com ou sem sinalização ou dispositivos auxiliares, deixar de adentrar às áreas destinadas à pesagem de veículos ou evadir-se para não efetuar o pagamento do pedágio.",8413
242,NOVEMBRO,Evasão de Balança,SP,Art. 209 Deixar de adentrar as áreas destinadas à pesagem de veículos,"Lei 9503 DE 23/09/1997 Transpor, sem autorização, bloqueio viário com ou sem sinalização ou dispositivos auxiliares, deixar de adentrar às áreas destinadas à pesagem de veículos ou evadir-se para não efetuar o pagamento do pedágio.",733
243,NOVEMBRO,Excesso de Peso,ES,Transitar com o veículo com excesso de peso - PBT/PBTC,"Lei 9503/97 Lei 10561/02 Res. CONTRAN nº 210/06, 211/06 e 258/07 e alterações Portaria DENATRAN 63/09 e 59/07 e alterações ",163
244,NOVEMBRO,Excesso de Peso,ES,Transitar com o veículo com excesso de peso - PBT/PBTC e Por Eixo,"Lei 9503/97 Lei 10561/02 Res. CONTRAN nº 210/06, 211/06 e 258/07 e alterações Portaria DENATRAN 63/09 e 59/07 e alterações ",249
245,NOVEMBRO,Excesso de Peso,ES,Transitar com o veículo com excesso de peso - Por Eixo,"Lei 9503/97 Lei 10561/02 Res. CONTRAN nº 210/06, 211/06 e 258/07 e alterações Portaria DENATRAN 63/09 e 59/07 e alterações ",2030
246,NOVEMBRO,Excesso de Peso,MG,Transitar com o veículo com excesso de peso - PBT/PBTC,"Lei 9503/97 Lei 10561/02 Res. CONTRAN nº 210/06, 211/06 e 258/07 e alterações Portaria DENATRAN 63/09 e 59/07 e alterações ",88
247,NOVEMBRO,Excesso de Peso,MG,Transitar com o veículo com excesso de peso - PBT/PBTC e Por Eixo,"Lei 9503/97 Lei 10561/02 Res. CONTRAN nº 210/06, 211/06 e 258/07 e alterações Portaria DENATRAN 63/09 e 59/07 e alterações ",192
248,NOVEMBRO,Excesso de Peso,MG,Transitar com o veículo com excesso de peso - Por Eixo,"Lei 9503/97 Lei 10561/02 Res. CONTRAN nº 210/06, 211/06 e 258/07 e alterações Portaria DENATRAN 63/09 e 59/07 e alterações ",1163
249,NOVEMBRO,Excesso de Peso,MS,Transitar com o veículo com excesso de peso - PBT/PBTC,"Lei 9503/97 Lei 10561/02 Res. CONTRAN nº 210/06, 211/06 e 258/07 e alterações Portaria DENATRAN 63/09 e 59/07 e alterações ",7
250,NOVEMBRO,Excesso de Peso,MS,Transitar com o veículo com excesso de peso - PBT/PBTC e Por Eixo,"Lei 9503/97 Lei 10561/02 Res. CONTRAN nº 210/06, 211/06 e 258/07 e alterações Portaria DENATRAN 63/09 e 59/07 e alterações ",46
251,NOVEMBRO,Excesso de Peso,MS,Transitar com o veículo com excesso de peso - Por Eixo,"Lei 9503/97 Lei 10561/02 Res. CONTRAN nº 210/06, 211/06 e 258/07 e alterações Portaria DENATRAN 63/09 e 59/07 e alterações ",96
252,NOVEMBRO,Excesso de Peso,RJ,Transitar com o veículo com excesso de peso - PBT/PBTC,"Lei 9503/97 Lei 10561/02 Res. CONTRAN nº 210/06, 211/06 e 258/07 e alterações Portaria DENATRAN 63/09 e 59/07 e alterações ",439
253,NOVEMBRO,Excesso de Peso,RJ,Transitar com o veículo com excesso de peso - PBT/PBTC e Por Eixo,"Lei 9503/97 Lei 10561/02 Res. CONTRAN nº 210/06, 211/06 e 258/07 e alterações Portaria DENATRAN 63/09 e 59/07 e alterações ",512
254,NOVEMBRO,Excesso de Peso,RJ,Transitar com o veículo com excesso de peso - Por Eixo,"Lei 9503/97 Lei 10561/02 Res. CONTRAN nº 210/06, 211/06 e 258/07 e alterações Portaria DENATRAN 63/09 e 59/07 e alterações ",4101
255,NOVEMBRO,Excesso de Peso,RS,Transitar com o veículo com excesso de peso - PBT/PBTC,"Lei 9503/97 Lei 10561/02 Res. CONTRAN nº 210/06, 211/06 e 258/07 e alterações Portaria DENATRAN 63/09 e 59/07 e alterações ",62
256,NOVEMBRO,Excesso de Peso,RS,Transitar com o veículo com excesso de peso - PBT/PBTC e Por Eixo,"Lei 9503/97 Lei 10561/02 Res. CONTRAN nº 210/06, 211/06 e 258/07 e alterações Portaria DENATRAN 63/09 e 59/07 e alterações ",81
257,NOVEMBRO,Excesso de Peso,RS,Transitar com o veículo com excesso de peso - Por Eixo,"Lei 9503/97 Lei 10561/02 Res. CONTRAN nº 210/06, 211/06 e 258/07 e alterações Portaria DENATRAN 63/09 e 59/07 e alterações ",683
258,NOVEMBRO,Excesso de Peso,SC,Transitar com o veículo com excesso de peso - PBT/PBTC,"Lei 9503/97 Lei 10561/02 Res. CONTRAN nº 210/06, 211/06 e 258/07 e alterações Portaria DENATRAN 63/09 e 59/07 e alterações ",41
259,NOVEMBRO,Excesso de Peso,SC,Transitar com o veículo com excesso de peso - PBT/PBTC e Por Eixo,"Lei 9503/97 Lei 10561/02 Res. CONTRAN nº 210/06, 211/06 e 258/07 e alterações Portaria DENATRAN 63/09 e 59/07 e alterações ",121
260,NOVEMBRO,Excesso de Peso,SC,Transitar com o veículo com excesso de peso - Por Eixo,"Lei 9503/97 Lei 10561/02 Res. CONTRAN nº 210/06, 211/06 e 258/07 e alterações Portaria DENATRAN 63/09 e 59/07 e alterações ",561
261,NOVEMBRO,Excesso de Peso,SP,Transitar com o veículo com excesso de peso - PBT/PBTC,"Lei 9503/97 Lei 10561/02 Res. CONTRAN nº 210/06, 211/06 e 258/07 e alterações Portaria DENATRAN 63/09 e 59/07 e alterações ",96
262,NOVEMBRO,Excesso de Peso,SP,Transitar com o veículo com excesso de peso - PBT/PBTC e Por Eixo,"Lei 9503/97 Lei 10561/02 Res. CONTRAN nº 210/06, 211/06 e 258/07 e alterações Portaria DENATRAN 63/09 e 59/07 e alterações ",131
263,NOVEMBRO,Excesso de Peso,SP,Transitar com o veículo com excesso de peso - Por Eixo,"Lei 9503/97 Lei 10561/02 Res. CONTRAN nº 210/06, 211/06 e 258/07 e alterações Portaria DENATRAN 63/09 e 59/07 e alterações ",756
264,OUTUBRO,Cmt - Capacidade Máxima de Tração,ES,Transitar com o veículo excedendo a CMT acima de 1000 kg,"Lei 9503/97 Lei 10561/02 Res. CONTRAN nº 210/06, 211/06 e 258/07 e alterações Portaria DENATRAN 63/09 e 59/07 e alterações ",4
265,OUTUBRO,Cmt - Capacidade Máxima de Tração,ES,Transitar com o veículo excedendo a CMT em até 600 kg,"Lei 9503/97 Lei 10561/02 Res. CONTRAN nº 210/06, 211/06 e 258/07 e alterações Portaria DENATRAN 63/09 e 59/07 e alterações ",1
266,OUTUBRO,Cmt - Capacidade Máxima de Tração,MG,Transitar com o veículo excedendo a CMT acima de 1000 kg,"Lei 9503/97 Lei 10561/02 Res. CONTRAN nº 210/06, 211/06 e 258/07 e alterações Portaria DENATRAN 63/09 e 59/07 e alterações ",2
267,OUTUBRO,Cmt - Capacidade Máxima de Tração,MS,Transitar com o veículo excedendo a CMT acima de 1000 kg,"Lei 9503/97 Lei 10561/02 Res. CONTRAN nº 210/06, 211/06 e 258/07 e alterações Portaria DENATRAN 63/09 e 59/07 e alterações ",2
268,OUTUBRO,Cmt - Capacidade Máxima de Tração,RJ,Transitar com o veículo excedendo a CMT acima de 1000 kg,"Lei 9503/97 Lei 10561/02 Res. CONTRAN nº 210/06, 211/06 e 258/07 e alterações Portaria DENATRAN 63/09 e 59/07 e alterações ",6
269,OUTUBRO,Cmt - Capacidade Máxima de Tração,RJ,Transitar com o veículo excedendo a CMT em até 600 kg,"Lei 9503/97 Lei 10561/02 Res. CONTRAN nº 210/06, 211/06 e 258/07 e alterações Portaria DENATRAN 63/09 e 59/07 e alterações ",9
270,OUTUBRO,Cmt - Capacidade Máxima de Tração,RJ,Transitar com o veículo excedendo a CMT entre 601 e 1000 kg,"Lei 9503/97 Lei 10561/02 Res. CONTRAN nº 210/06, 211/06 e 258/07 e alterações Portaria DENATRAN 63/09 e 59/07 e alterações ",2
271,OUTUBRO,Cmt - Capacidade Máxima de Tração,SC,Transitar com o veículo excedendo a CMT acima de 1000 kg,"Lei 9503/97 Lei 10561/02 Res. CONTRAN nº 210/06, 211/06 e 258/07 e alterações Portaria DENATRAN 63/09 e 59/07 e alterações ",1
272,OUTUBRO,Cmt - Capacidade Máxima de Tração,SP,Transitar com o veículo excedendo a CMT acima de 1000 kg,"Lei 9503/97 Lei 10561/02 Res. CONTRAN nº 210/06, 211/06 e 258/07 e alterações Portaria DENATRAN 63/09 e 59/07 e alterações ",1
273,OUTUBRO,Evasão de Balança,ES,Art. 209 Deixar de adentrar as áreas destinadas à pesagem de veículos,"Lei 9503 DE 23/09/1997 Transpor, sem autorização, bloqueio viário com ou sem sinalização ou dispositivos auxiliares, deixar de adentrar às áreas destinadas à pesagem de veículos ou evadir-se para não efetuar o pagamento do pedágio.",817
274,OUTUBRO,Evasão de Balança,RJ,Art. 209 Deixar de adentrar as áreas destinadas à pesagem de veículos,"Lei 9503 DE 23/09/1997 Transpor, sem autorização, bloqueio viário com ou sem sinalização ou dispositivos auxiliares, deixar de adentrar às áreas destinadas à pesagem de veículos ou evadir-se para não efetuar o pagamento do pedágio.",4302
275,OUTUBRO,Evasão de Balança,SP,Art. 209 Deixar de adentrar as áreas destinadas à pesagem de veículos,"Lei 9503 DE 23/09/1997 Transpor, sem autorização, bloqueio viário com ou sem sinalização ou dispositivos auxiliares, deixar de adentrar às áreas destinadas à pesagem de veículos ou evadir-se para não efetuar o pagamento do pedágio.",1067
276,OUTUBRO,Excesso de Peso,ES,Transitar com o veículo com excesso de peso - PBT/PBTC,"Lei 9503/97 Lei 10561/02 Res. CONTRAN nº 210/06, 211/06 e 258/07 e alterações Portaria DENATRAN 63/09 e 59/07 e alterações ",242
277,OUTUBRO,Excesso de Peso,ES,Transitar com o veículo com excesso de peso - PBT/PBTC e Por Eixo,"Lei 9503/97 Lei 10561/02 Res. CONTRAN nº 210/06, 211/06 e 258/07 e alterações Portaria DENATRAN 63/09 e 59/07 e alterações ",344
278,OUTUBRO,Excesso de Peso,ES,Transitar com o veículo com excesso de peso - Por Eixo,"Lei 9503/97 Lei 10561/02 Res. CONTRAN nº 210/06, 211/06 e 258/07 e alterações Portaria DENATRAN 63/09 e 59/07 e alterações ",2314
279,OUTUBRO,Excesso de Peso,GO,Transitar com o veículo com excesso de peso - PBT/PBTC e Por Eixo,"Lei 9503/97 Lei 10561/02 Res. CONTRAN nº 210/06, 211/06 e 258/07 e alterações Portaria DENATRAN 63/09 e 59/07 e alterações ",1
280,OUTUBRO,Excesso de Peso,GO,Transitar com o veículo com excesso de peso - Por Eixo,"Lei 9503/97 Lei 10561/02 Res. CONTRAN nº 210/06, 211/06 e 258/07 e alterações Portaria DENATRAN 63/09 e 59/07 e alterações ",4
281,OUTUBRO,Excesso de Peso,MG,Transitar com o veículo com excesso de peso - PBT/PBTC,"Lei 9503/97 Lei 10561/02 Res. CONTRAN nº 210/06, 211/06 e 258/07 e alterações Portaria DENATRAN 63/09 e 59/07 e alterações ",81
282,OUTUBRO,Excesso de Peso,MG,Transitar com o veículo com excesso de peso - PBT/PBTC e Por Eixo,"Lei 9503/97 Lei 10561/02 Res. CONTRAN nº 210/06, 211/06 e 258/07 e alterações Portaria DENATRAN 63/09 e 59/07 e alterações ",167
283,OUTUBRO,Excesso de Peso,MG,Transitar com o veículo com excesso de peso - Por Eixo,"Lei 9503/97 Lei 10561/02 Res. CONTRAN nº 210/06, 211/06 e 258/07 e alterações Portaria DENATRAN 63/09 e 59/07 e alterações ",1040
284,OUTUBRO,Excesso de Peso,MS,Transitar com o veículo com excesso de peso - PBT/PBTC,"Lei 9503/97 Lei 10561/02 Res. CONTRAN nº 210/06, 211/06 e 258/07 e alterações Portaria DENATRAN 63/09 e 59/07 e alterações ",12
285,OUTUBRO,Excesso de Peso,MS,Transitar com o veículo com excesso de peso - PBT/PBTC e Por Eixo,"Lei 9503/97 Lei 10561/02 Res. CONTRAN nº 210/06, 211/06 e 258/07 e alterações Portaria DENATRAN 63/09 e 59/07 e alterações ",38
286,OUTUBRO,Excesso de Peso,MS,Transitar com o veículo com excesso de peso - Por Eixo,"Lei 9503/97 Lei 10561/02 Res. CONTRAN nº 210/06, 211/06 e 258/07 e alterações Portaria DENATRAN 63/09 e 59/07 e alterações ",92
287,OUTUBRO,Excesso de Peso,RJ,Transitar com o veículo com excesso de peso - PBT/PBTC,"Lei 9503/97 Lei 10561/02 Res. CONTRAN nº 210/06, 211/06 e 258/07 e alterações Portaria DENATRAN 63/09 e 59/07 e alterações ",395
288,OUTUBRO,Excesso de Peso,RJ,Transitar com o veículo com excesso de peso - PBT/PBTC e Por Eixo,"Lei 9503/97 Lei 10561/02 Res. CONTRAN nº 210/06, 211/06 e 258/07 e alterações Portaria DENATRAN 63/09 e 59/07 e alterações ",500
289,OUTUBRO,Excesso de Peso,RJ,Transitar com o veículo com excesso de peso - Por Eixo,"Lei 9503/97 Lei 10561/02 Res. CONTRAN nº 210/06, 211/06 e 258/07 e alterações Portaria DENATRAN 63/09 e 59/07 e alterações ",2777
290,OUTUBRO,Excesso de Peso,RS,Transitar com o veículo com excesso de peso - PBT/PBTC,"Lei 9503/97 Lei 10561/02 Res. CONTRAN nº 210/06, 211/06 e 258/07 e alterações Portaria DENATRAN 63/09 e 59/07 e alterações ",67
291,OUTUBRO,Excesso de Peso,RS,Transitar com o veículo com excesso de peso - PBT/PBTC e Por Eixo,"Lei 9503/97 Lei 10561/02 Res. CONTRAN nº 210/06, 211/06 e 258/07 e alterações Portaria DENATRAN 63/09 e 59/07 e alterações ",101
292,OUTUBRO,Excesso de Peso,RS,Transitar com o veículo com excesso de peso - Por Eixo,"Lei 9503/97 Lei 10561/02 Res. CONTRAN nº 210/06, 211/06 e 258/07 e alterações Portaria DENATRAN 63/09 e 59/07 e alterações ",512
293,OUTUBRO,Excesso de Peso,SC,Transitar com o veículo com excesso de peso - PBT/PBTC,"Lei 9503/97 Lei 10561/02 Res. CONTRAN nº 210/06, 211/06 e 258/07 e alterações Portaria DENATRAN 63/09 e 59/07 e alterações ",39
294,OUTUBRO,Excesso de Peso,SC,Transitar com o veículo com excesso de peso - PBT/PBTC e Por Eixo,"Lei 9503/97 Lei 10561/02 Res. CONTRAN nº 210/06, 211/06 e 258/07 e alterações Portaria DENATRAN 63/09 e 59/07 e alterações ",67
295,OUTUBRO,Excesso de Peso,SC,Transitar com o veículo com excesso de peso - Por Eixo,"Lei 9503/97 Lei 10561/02 Res. CONTRAN nº 210/06, 211/06 e 258/07 e alterações Portaria DENATRAN 63/09 e 59/07 e alterações ",596
296,OUTUBRO,Excesso de Peso,SP,Transitar com o veículo com excesso de peso - PBT/PBTC,"Lei 9503/97 Lei 10561/02 Res. CONTRAN nº 210/06, 211/06 e 258/07 e alterações Portaria DENATRAN 63/09 e 59/07 e alterações ",115
297,OUTUBRO,Excesso de Peso,SP,Transitar com o veículo com excesso de peso - PBT/PBTC e Por Eixo,"Lei 9503/97 Lei 10561/02 Res. CONTRAN nº 210/06, 211/06 e 258/07 e alterações Portaria DENATRAN 63/09 e 59/07 e alterações ",139
298,OUTUBRO,Excesso de Peso,SP,Transitar com o veículo com excesso de peso - Por Eixo,"Lei 9503/97 Lei 10561/02 Res. CONTRAN nº 210/06, 211/06 e 258/07 e alterações Portaria DENATRAN 63/09 e 59/07 e alterações ",802
299,SETEMBRO,Cmt - Capacidade Máxima de Tração,ES,Transitar com o veículo excedendo a CMT acima de 1000 kg,"Lei 9503/97 Lei 10561/02 Res. CONTRAN nº 210/06, 211/06 e 258/07 e alterações Portaria DENATRAN 63/09 e 59/07 e alterações ",1
300,SETEMBRO,Cmt - Capacidade Máxima de Tração,MG,Transitar com o veículo excedendo a CMT acima de 1000 kg,"Lei 9503/97 Lei 10561/02 Res. CONTRAN nº 210/06, 211/06 e 258/07 e alterações Portaria DENATRAN 63/09 e 59/07 e alterações ",2
301,SETEMBRO,Cmt - Capacidade Máxima de Tração,MG,Transitar com o veículo excedendo a CMT em até 600 kg,"Lei 9503/97 Lei 10561/02 Res. CONTRAN nº 210/06, 211/06 e 258/07 e alterações Portaria DENATRAN 63/09 e 59/07 e alterações ",2
302,SETEMBRO,Cmt - Capacidade Máxima de Tração,MS,Transitar com o veículo excedendo a CMT acima de 1000 kg,"Lei 9503/97 Lei 10561/02 Res. CONTRAN nº 210/06, 211/06 e 258/07 e alterações Portaria DENATRAN 63/09 e 59/07 e alterações ",5
303,SETEMBRO,Cmt - Capacidade Máxima de Tração,MS,Transitar com o veículo excedendo a CMT em até 600 kg,"Lei 9503/97 Lei 10561/02 Res. CONTRAN nº 210/06, 211/06 e 258/07 e alterações Portaria DENATRAN 63/09 e 59/07 e alterações ",1
304,SETEMBRO,Cmt - Capacidade Máxima de Tração,RJ,Transitar com o veículo excedendo a CMT acima de 1000 kg,"Lei 9503/97 Lei 10561/02 Res. CONTRAN nº 210/06, 211/06 e 258/07 e alterações Portaria DENATRAN 63/09 e 59/07 e alterações ",2
305,SETEMBRO,Cmt - Capacidade Máxima de Tração,RJ,Transitar com o veículo excedendo a CMT em até 600 kg,"Lei 9503/97 Lei 10561/02 Res. CONTRAN nº 210/06, 211/06 e 258/07 e alterações Portaria DENATRAN 63/09 e 59/07 e alterações ",4
306,SETEMBRO,Cmt - Capacidade Máxima de Tração,SP,Transitar com o veículo excedendo a CMT acima de 1000 kg,"Lei 9503/97 Lei 10561/02 Res. CONTRAN nº 210/06, 211/06 e 258/07 e alterações Portaria DENATRAN 63/09 e 59/07 e alterações ",1
307,SETEMBRO,Evasão de Balança,ES,Art. 209 Deixar de adentrar as áreas destinadas à pesagem de veículos,"Lei 9503 DE 23/09/1997 Transpor, sem autorização, bloqueio viário com ou sem sinalização ou dispositivos auxiliares, deixar de adentrar às áreas destinadas à pesagem de veículos ou evadir-se para não efetuar o pagamento do pedágio.",78
308,SETEMBRO,Evasão de Balança,RJ,Art. 209 Deixar de adentrar as áreas destinadas à pesagem de veículos,"Lei 9503 DE 23/09/1997 Transpor, sem autorização, bloqueio viário com ou sem sinalização ou dispositivos auxiliares, deixar de adentrar às áreas destinadas à pesagem de veículos ou evadir-se para não efetuar o pagamento do pedágio.",4920
309,SETEMBRO,Evasão de Balança,SP,Art. 209 Deixar de adentrar as áreas destinadas à pesagem de veículos,"Lei 9503 DE 23/09/1997 Transpor, sem autorização, bloqueio viário com ou sem sinalização ou dispositivos auxiliares, deixar de adentrar às áreas destinadas à pesagem de veículos ou evadir-se para não efetuar o pagamento do pedágio.",108
310,SETEMBRO,Excesso de Peso,ES,Transitar com o veículo com excesso de peso - PBT/PBTC,"Lei 9503/97 Lei 10561/02 Res. CONTRAN nº 210/06, 211/06 e 258/07 e alterações Portaria DENATRAN 63/09 e 59/07 e alterações ",147
311,SETEMBRO,Excesso de Peso,ES,Transitar com o veículo com excesso de peso - PBT/PBTC e Por Eixo,"Lei 9503/97 Lei 10561/02 Res. CONTRAN nº 210/06, 211/06 e 258/07 e alterações Portaria DENATRAN 63/09 e 59/07 e alterações ",263
312,SETEMBRO,Excesso de Peso,ES,Transitar com o veículo com excesso de peso - Por Eixo,"Lei 9503/97 Lei 10561/02 Res. CONTRAN nº 210/06, 211/06 e 258/07 e alterações Portaria DENATRAN 63/09 e 59/07 e alterações ",1897
313,SETEMBRO,Excesso de Peso,GO,Transitar com o veículo com excesso de peso - PBT/PBTC,"Lei 9503/97 Lei 10561/02 Res. CONTRAN nº 210/06, 211/06 e 258/07 e alterações Portaria DENATRAN 63/09 e 59/07 e alterações ",9
314,SETEMBRO,Excesso de Peso,GO,Transitar com o veículo com excesso de peso - PBT/PBTC e Por Eixo,"Lei 9503/97 Lei 10561/02 Res. CONTRAN nº 210/06, 211/06 e 258/07 e alterações Portaria DENATRAN 63/09 e 59/07 e alterações ",22
315,SETEMBRO,Excesso de Peso,GO,Transitar com o veículo com excesso de peso - Por Eixo,"Lei 9503/97 Lei 10561/02 Res. CONTRAN nº 210/06, 211/06 e 258/07 e alterações Portaria DENATRAN 63/09 e 59/07 e alterações ",114
316,SETEMBRO,Excesso de Peso,MG,Transitar com o veículo com excesso de peso - PBT/PBTC,"Lei 9503/97 Lei 10561/02 Res. CONTRAN nº 210/06, 211/06 e 258/07 e alterações Portaria DENATRAN 63/09 e 59/07 e alterações ",124
317,SETEMBRO,Excesso de Peso,MG,Transitar com o veículo com excesso de peso - PBT/PBTC e Por Eixo,"Lei 9503/97 Lei 10561/02 Res. CONTRAN nº 210/06, 211/06 e 258/07 e alterações Portaria DENATRAN 63/09 e 59/07 e alterações ",233
318,SETEMBRO,Excesso de Peso,MG,Transitar com o veículo com excesso de peso - Por Eixo,"Lei 9503/97 Lei 10561/02 Res. CONTRAN nº 210/06, 211/06 e 258/07 e alterações Portaria DENATRAN 63/09 e 59/07 e alterações ",1264
319,SETEMBRO,Excesso de Peso,MS,Transitar com o veículo com excesso de peso - PBT/PBTC,"Lei 9503/97 Lei 10561/02 Res. CONTRAN nº 210/06, 211/06 e 258/07 e alterações Portaria DENATRAN 63/09 e 59/07 e alterações ",13
320,SETEMBRO,Excesso de Peso,MS,Transitar com o veículo com excesso de peso - PBT/PBTC e Por Eixo,"Lei 9503/97 Lei 10561/02 Res. CONTRAN nº 210/06, 211/06 e 258/07 e alterações Portaria DENATRAN 63/09 e 59/07 e alterações ",65
321,SETEMBRO,Excesso de Peso,MS,Transitar com o veículo com excesso de peso - Por Eixo,"Lei 9503/97 Lei 10561/02 Res. CONTRAN nº 210/06, 211/06 e 258/07 e alterações Portaria DENATRAN 63/09 e 59/07 e alterações ",98
322,SETEMBRO,Excesso de Peso,RJ,Transitar com o veículo com excesso de peso - PBT/PBTC,"Lei 9503/97 Lei 10561/02 Res. CONTRAN nº 210/06, 211/06 e 258/07 e alterações Portaria DENATRAN 63/09 e 59/07 e alterações ",271
323,SETEMBRO,Excesso de Peso,RJ,Transitar com o veículo com excesso de peso - PBT/PBTC e Por Eixo,"Lei 9503/97 Lei 10561/02 Res. CONTRAN nº 210/06, 211/06 e 258/07 e alterações Portaria DENATRAN 63/09 e 59/07 e alterações ",309
324,SETEMBRO,Excesso de Peso,RJ,Transitar com o veículo com excesso de peso - Por Eixo,"Lei 9503/97 Lei 10561/02 Res. CONTRAN nº 210/06, 211/06 e 258/07 e alterações Portaria DENATRAN 63/09 e 59/07 e alterações ",2215
325,SETEMBRO,Excesso de Peso,RS,Transitar com o veículo com excesso de peso - PBT/PBTC,"Lei 9503/97 Lei 10561/02 Res. CONTRAN nº 210/06, 211/06 e 258/07 e alterações Portaria DENATRAN 63/09 e 59/07 e alterações ",42
326,SETEMBRO,Excesso de Peso,RS,Transitar com o veículo com excesso de peso - PBT/PBTC e Por Eixo,"Lei 9503/97 Lei 10561/02 Res. CONTRAN nº 210/06, 211/06 e 258/07 e alterações Portaria DENATRAN 63/09 e 59/07 e alterações ",80
327,SETEMBRO,Excesso de Peso,RS,Transitar com o veículo com excesso de peso - Por Eixo,"Lei 9503/97 Lei 10561/02 Res. CONTRAN nº 210/06, 211/06 e 258/07 e alterações Portaria DENATRAN 63/09 e 59/07 e alterações ",598
328,SETEMBRO,Excesso de Peso,SC,Transitar com o veículo com excesso de peso - PBT/PBTC,"Lei 9503/97 Lei 10561/02 Res. CONTRAN nº 210/06, 211/06 e 258/07 e alterações Portaria DENATRAN 63/09 e 59/07 e alterações ",47
329,SETEMBRO,Excesso de Peso,SC,Transitar com o veículo com excesso de peso - PBT/PBTC e Por Eixo,"Lei 9503/97 Lei 10561/02 Res. CONTRAN nº 210/06, 211/06 e 258/07 e alterações Portaria DENATRAN 63/09 e 59/07 e alterações ",40
330,SETEMBRO,Excesso de Peso,SC,Transitar com o veículo com excesso de peso - Por Eixo,"Lei 9503/97 Lei 10561/02 Res. CONTRAN nº 210/06, 211/06 e 258/07 e alterações Portaria DENATRAN 63/09 e 59/07 e alterações ",424
331,SETEMBRO,Excesso de Peso,SP,Transitar com o veículo com excesso de peso - PBT/PBTC,"Lei 9503/97 Lei 10561/02 Res. CONTRAN nº 210/06, 211/06 e 258/07 e alterações Portaria DENATRAN 63/09 e 59/07 e alterações ",120
332,SETEMBRO,Excesso de Peso,SP,Transitar com o veículo com excesso de peso - PBT/PBTC e Por Eixo,"Lei 9503/97 Lei 10561/02 Res. CONTRAN nº 210/06, 211/06 e 258/07 e alterações Portaria DENATRAN 63/09 e 59/07 e alterações ",164
333,SETEMBRO,Excesso de Peso,SP,Transitar com o veículo com excesso de peso - Por Eixo,"Lei 9503/97 Lei 10561/02 Res. CONTRAN nº 210/06, 211/06 e 258/07 e alterações Portaria DENATRAN 63/09 e 59/07 e alterações ",851
